standard	term	bucket	confidence	note
父親	老父亲	colloquial	med	老+標準形,通行
父親	阿爸	min-yue-wu	high	南方廣泛
父親	阿父	literary	med	文讀/書面
父親	阿爹	wu	med	吳語區
父親	老窦	yue	high	粵「老豆」
父親	爹地	yue	high	粵/港,daddy 音譯
父親	依爹	min	high	閩東(福州)「依」前綴
父親	老爹	north	med	北方口語
父親	老汉	southwest	high	西南官話
父親	老汉儿	southwest	high	川渝兒化
父親	老爷子	north	high	北方(尤京津)
父親	老子	colloquial	low	多為自稱戲謔,易誤解;建議排除
父親	牙老子	xiang	low	疑湘/贛,待查
父親	牙老倌	xiang	low	同上
父親	爸	colloquial	high	單字口語
父親	父	literary	high	單字書面
父親	爸比	exclude	high	網絡/幼兒語,非通行稱謂
父親	爹爹	colloquial	med	舊式/兒語通行
父親	爹啲	yue	low	粵語書寫變體,待查
父親	一世祖	exclude	high	族譜世代術語,非稱謂
母親	老母亲	colloquial	med	
母親	阿妈	min-yue-wu	high	南方廣泛
母親	阿母	min	med	閩
母親	阿娘	wu	med	吳/舊式
母親	老母	south	med	閩粵,語感較粗
母親	妈咪	yue	high	粵/港,mummy 音譯
母親	依妈	min	high	閩東
母親	老娘	colloquial	low	多為自稱,易誤解;建議排除
母親	老乸	yue	high	粵,語感粗
母親	老妈子	exclude	med	舊指女僕,歧義
母親	妈子	exclude	med	同上
母親	娘老子	southwest	low	待查
母親	妈	colloquial	high	
母親	母	literary	high	
母親	阿毑	xiang	high	湘語
母親	姆嬷	wu	med	吳
母親	姆妈	wu	high	吳(上海)
母親	娘亲	literary	med	書面/戲曲
哥哥	哥	colloquial	high	
哥哥	胞兄	literary	high	同胞兄,書面
哥哥	亲哥	colloquial	high	
哥哥	兄亲	exclude	high	mumuy 結構標籤,非稱謂
哥哥	老哥	colloquial	high	
哥哥	依哥	min	high	閩東
哥哥	阿哥	yue	high	粵/南方
哥哥	兄台	literary	high	古語敬稱
哥哥	大佬	yue	high	粵
哥哥	家兄	literary	high	對外謙稱
哥哥	兄长	literary	high	
哥哥	几哥	exclude	high	「幾」為排行填空模板,非稱謂
弟弟	弟	colloquial	high	
弟弟	胞弟	literary	high	
弟弟	亲弟	colloquial	high	
弟弟	弟亲	exclude	high	結構標籤
弟弟	老弟	colloquial	high	
弟弟	依弟	min	high	
弟弟	阿弟	yue-wu	high	
弟弟	弟子	exclude	high	主義為門徒,歧義
弟弟	细佬	yue	high	粵
弟弟	小弟	colloquial	high	
弟弟	几弟	exclude	high	排行模板
姐姐	姐	colloquial	high	
姐姐	胞姐	literary	high	
姐姐	亲姐	colloquial	high	
姐姐	姊亲	exclude	high	結構標籤
姐姐	老姐	colloquial	high	
姐姐	依姐	min	high	
姐姐	阿姐	yue-wu	high	
姐姐	姊台	literary	med	古語敬稱
姐姐	家姐	yue	high	粵(亦作謙稱)
姐姐	姊仔	min	med	閩台
姐姐	几姐	exclude	high	排行模板
妹妹	妹	colloquial	high	
妹妹	胞妹	literary	high	
妹妹	亲妹	colloquial	high	
妹妹	妹亲	exclude	high	結構標籤
妹妹	老妹	colloquial	med	
妹妹	依妹	min	high	
妹妹	阿妹	yue-hakka	high	
妹妹	妹子	southwest-xiang	high	
妹妹	小妹	colloquial	high	
妹妹	妹儿	southwest	high	川渝兒化
妹妹	几妹	exclude	high	排行模板
兒子	男儿	literary	med	偏詩文
兒子	息男	literary	high	書面舊語
兒子	闺男	north	low	待查
兒子	囝囝	yue	high	粵疊稱
兒子	囝男	min	med	閩
兒子	囝儿	min	med	
兒子	小子	colloquial	med	語感隨便
兒子	娃子	northwest-southwest	high	
兒子	男亲	exclude	high	結構標籤
兒子	伢子	xiang	high	湘
兒子	儿	literary	high	單字
兒子	仔	yue	high	粵
兒子	囝	min	high	閩
兒子	子	literary	high	
兒子	阿仔	yue	high	
兒子	仔仔	yue	high	
兒子	后生	hakka-wu	med	客/吳,泛指年輕男子
兒子	公子	exclude	high	敬稱他人之子,非自稱
兒子	少爷	exclude	high	舊時僕從稱主家子
兒子	一世孙	exclude	high	族譜術語
女兒	千金	exclude	high	敬稱他人之女
女兒	小姐	exclude	high	泛稱,非親屬
女兒	掌上明珠	exclude	high	比喻語
女兒	息女	literary	high	書面舊語
女兒	闺女	north	high	北方
女兒	囡囡	wu	high	吳疊稱
女兒	囡女	wu	med	
女兒	囡儿	wu	med	
女兒	乖囡	wu	high	
女兒	囡嗯	wu	low	寫法存疑,待查
女兒	丫头	north	high	北方暱稱
女兒	姑娘	exclude	high	泛稱年輕女性
女兒	妮子	north	high	北方(魯豫)
女兒	女亲	exclude	high	結構標籤
女兒	女	literary	high	
女兒	阿女	yue	med	
女兒	女女	southwest	low	待查
配偶	老公	colloquial-f	high	女方稱夫;通用口語
配偶	丈夫	standard-f	high	女方稱夫;標準
配偶	先生	colloquial-f	high	女方稱夫;較正式
配偶	夫	literary-f	high	
配偶	男人	exclude	high	泛稱,歧義
配偶	新郎	exclude	high	限婚禮場合
配偶	爱爷	exclude	low	疑罕用,待查
配偶	夫亲	exclude	high	結構標籤
配偶	夫君	literary-f	high	古語
配偶	官人	literary-f	high	古語
配偶	汉子	southwest-north-f	med	方言稱夫,女方專用
配偶	老头子	colloquial-f	med	老年夫妻互稱
配偶	郎君	literary-f	high	
配偶	相公	literary-f	high	
配偶	夫婿	literary-f	high	
配偶	良人	literary-f	high	古語
配偶	老公仔	yue-f	low	待查
配偶	爱人	colloquial	high	中性,大陸通用
配偶	老伴	colloquial	high	中性,老年
配偶	那口子	north	high	中性,北方
配偶	伴侣	exclude	med	泛稱,非親屬稱謂
配偶	卿卿	literary	med	古語愛稱
配偶	老婆	colloquial-m	high	男方稱妻;通用口語
配偶	妻子	standard-m	high	男方稱妻;標準
配偶	媳妇	north-m	high	北方稱妻(與「兒媳」同形,須防混淆)
配偶	媳妇儿	north-m	high	同上
配偶	媳妇子	northwest-m	med	
配偶	太太	colloquial-m	high	
配偶	妻	literary-m	high	
配偶	女人	exclude	high	泛稱
配偶	新娘	exclude	high	限婚禮場合
配偶	爱姥	exclude	low	待查
配偶	妻亲	exclude	high	結構標籤
配偶	娘子	literary-m	high	古語
配偶	新娘子	exclude	high	限婚禮
配偶	夫人	literary-m	high	敬稱
配偶	婆娘	southwest-m	high	西南官話
配偶	老太婆	colloquial-m	med	老年
配偶	内人	literary-m	high	對外謙稱
配偶	内子	literary-m	high	
配偶	内助	literary-m	high	
配偶	贤内助	literary-m	high	
配偶	爱妻	literary-m	med	
配偶	髮妻	literary-m	high	結髮之妻;此處 发 = 髮 非 發,故以繁體形入錄
配偶	婆姨	northwest-m	high	陝北
配偶	婆子	colloquial-m	low	語感粗
配偶	老婆子	colloquial-m	med	老年
配偶	老婆儿	north-m	med	
配偶	老婆仔	yue-m	low	待查
配偶	堂客	southwest-xiang-m	high	湘/西南官話稱妻
祖父	祖公	min-yue	med	
祖父	阿爷	wu-min	high	
祖父	奶爹	north	low	待查
祖父	亚爷	yue	med	「亞」即「阿」的粵寫
祖父	亚公	yue	med	
祖父	依爷	min	high	閩東
祖父	大父	literary	high	古語
祖父	祖翁	literary	med	
祖父	嗲嗲	xiang-southwest	high	湘/川
祖父	爷	colloquial	high	
祖父	祖君	literary	low	待查
祖父	奶爷	north	low	待查
祖父	爷儿	north	low	多為「爺兒倆」語素,待查
祖父	爷老	xiang	low	待查
祖父	爷老子	xiang	low	待查
祖父	爷老倌	xiang	low	待查
祖父	二世祖	exclude	high	族譜術語(且粵語另有貶義)
祖母	祖婆	min-yue	med	
祖母	阿奶	wu	high	
祖母	阿婆	yue-wu	high	亦可指外祖母/老婦,須防歧義
祖母	奶娘	exclude	high	舊指乳母,歧義
祖母	亚嬷	yue	med	
祖母	亚婆	yue	med	
祖母	依奶	min	high	
祖母	大母	literary	high	古語
祖母	祖嫲	yue-hakka	med	
祖母	嫲嫲	yue	high	粵
祖母	奶	colloquial	high	
祖母	重慈	literary	low	待查
祖母	婻婻	minority-dialect	low	寫法/歸屬存疑,待查
祖母	娭毑	xiang	high	湘(長沙)
祖母	嗯奶	xiang	low	待查
祖母	娘姆	wu-min	low	待查
祖母	媪婆	literary	low	待查
祖母	亲婆	wu	med	吳(部分指外祖母),須防歧義
外祖父	外爷	northwest	high	陝甘
外祖父	客公	hakka	low	待查
外祖父	毑父	xiang	high	湘
外祖父	毑公	xiang	high	
外祖父	姥公	north	med	
外祖父	舅家爷	north	med	
外祖父	嘎公	southwest	high	川渝
外祖父	嘎爹	southwest	high	
外祖父	嘎嘎爹	southwest	med	
外祖父	嘎爷爷	southwest	med	
外祖父	尕公	northwest	high	西北「尕」
外祖父	毑爹	xiang	med	
外祖父	毑爷	xiang	med	
外祖父	外大父	literary	high	古語
外祖父	姥爹	north	med	
外祖父	魏公	exclude	low	疑為姓氏誤入,待查
外祖父	魏爷	exclude	low	同上
外祖父	简爷	exclude	low	同上
外祖母	阿婆	yue-wu	high	與「奶奶」同形,須靠 ego 側區分
外祖母	外奶	north	high	
外祖母	客婆	hakka	low	待查
外祖母	毑母	xiang	high	
外祖母	毑婆	xiang	high	
外祖母	姥婆	north	med	
外祖母	舅家婆	north	med	
外祖母	嘎嘎	southwest	high	川渝
外祖母	嘎婆	southwest	high	
外祖母	嘎嘎婆	southwest	med	
外祖母	嘎奶奶	southwest	med	
外祖母	尕婆	northwest	high	
外祖母	毑娘	xiang	med	
外祖母	毑毑	xiang	med	
外祖母	外大母	literary	high	古語
外祖母	姥娘	north	high	魯豫
外祖母	魏婆	exclude	low	疑姓氏誤入
外祖母	魏奶	exclude	low	同上
外祖母	简婆	exclude	low	同上
外祖母	外嬷	min-yue	high	
外祖母	嫲嫲	yue	med	與「奶奶」同形,須防混
外祖母	好婆	wu	high	吳(蘇滬)
外祖母	嫏嫏	north	low	待查
外祖母	嫏娘	north	low	待查
外祖母	姥	north	high	
伯父	伯爸	southwest	med	
伯父	阿伯	yue-min	high	
伯父	伯爷	yue	med	
伯父	依伯	min	high	
伯父	伯儿	north	low	待查
伯父	大伯	colloquial	high	通行
伯父	大爹	southwest-xiang	high	
伯父	大爸	southwest	high	
伯父	大爸爸	southwest	med	
伯父	世父	literary	high	古語(《爾雅》系)
伯父	大爷	north	high	北方
伯父	大大	north-northwest	high	
伯父	几伯	exclude	high	排行模板
伯父	伯	colloquial	high	
叔父	叔爸	southwest	med	
叔父	阿叔	yue-min	high	
叔父	叔爹	wu	med	
叔父	依叔	min	high	
叔父	叔儿	north	low	待查
叔父	小叔	colloquial	high	亦可指夫弟,須防歧義
叔父	小爹	southwest-wu	med	
叔父	小爸	southwest	high	
叔父	小爸爸	southwest	med	
叔父	仲父	literary	high	古語(次於伯)
叔父	季父	literary	high	古語(最幼)
叔父	叔仔	min	med	
叔父	几叔	exclude	high	排行模板
叔父	叔	colloquial	high	
姑母	大姑	colloquial	high	
姑母	姑姊	literary	med	
姑母	姑嬷	yue-min	med	
姑母	恩妈	hakka	low	客?待查
姑母	几姑	exclude	high	排行模板
姑母	姑	colloquial	high	
姑母	嬢嬢	southwest	high	川渝
姑母	娘娘	southwest-wu	med	與神祇稱謂同形,須防歧義
姑母	小姑	colloquial	high	亦可指夫妹,須防歧義
姑母	姑姐	yue	med	
姑母	姑妹	yue	med	
姑母	姑仔	min	med	
姑母	尕娘	northwest	high	
姑母	幺姑姐	southwest	med	
姑母	老姑	north	med	
舅父	大舅	colloquial	high	
舅父	大舅舅	colloquial	med	
舅父	舅伯	north	low	待查
舅父	元舅	literary	med	古語(長舅)
舅父	舅爸	southwest	med	
舅父	舅爹	southwest-xiang	med	
舅父	娘舅	wu	high	吳
舅父	母舅	min-hakka	high	
舅父	阿舅	yue-min	high	
舅父	妗公	min	low	多指舅母之夫方,待查
舅父	舅台	literary	med	敬稱
舅父	几舅	exclude	high	排行模板
舅父	舅	colloquial	high	
舅父	小舅	colloquial	high	亦可指妻弟,須防歧義
舅父	小舅舅	colloquial	med	
舅父	舅仔	min	med	閩台亦指妻弟,須防歧義
舅父	舅父仔	min	low	待查
舅父	尕阿舅	northwest	med	
舅父	老舅	north	med	
姨母	大姨	colloquial	high	亦為經期婉語,須防歧義
姨母	姨嬷	yue-min	med	
姨母	姨姨	colloquial	high	
姨母	姨娘	wu	med	舊亦指妾,須防歧義
姨母	从母	literary	high	古語(《爾雅》)
姨母	几姨	exclude	high	排行模板
姨母	姨	colloquial	high	
姨母	嬢嬢	southwest	high	與姑媽同形,須靠側別區分
姨母	小姨	colloquial	high	亦可指妻妹,須防歧義
姨母	姨仔	min	med	
姨母	老姨	north	med	
姪子	兄子	literary	high	古語(男子稱兄之子)
姪子	侄男	literary	med	
姪子	侄儿子	colloquial	low	疊贅,建議排除
姪子	侄小子	north	med	
姪子	嫡侄	literary	high	
姪子	亲侄	colloquial	high	
姪子	侄儿	colloquial	high	
姪子	侄仔	yue-min	high	
姪子	阿侄	yue	high	
姪子	老侄	north	med	
姪子	侄	colloquial	high	
姪女	兄女	literary	high	古語
姪女	侄囡	wu	high	
姪女	侄女儿	colloquial	med	
姪女	侄丫头	north	med	
姪女	侄闺女	north	med	
外甥	甥子	literary	med	
外甥	甥男	literary	med	
外甥	甥儿	colloquial	med	
外甥	甥儿子	exclude	med	疊贅
外甥	甥仔	yue-min	med	
外甥	甥	literary	high	
外甥女	甥女	literary	high	
外甥女	甥囡	wu	med	
外甥女	甥女儿	colloquial	med	
外甥女	甥闺女	north	med	
孫子	孙男	literary	med	
孫子	孙男儿	literary	low	待查
孫子	孙儿	colloquial	high	
孫子	嗣孙	literary	high	
孫子	孙仔	yue-min	high	
孫子	孙囝	min	high	
孫子	孙娃子	northwest-southwest	high	
孫子	孙伢子	xiang	high	
孫子	二世孙	exclude	high	族譜術語
孫女	孙女儿	colloquial	high	
孫女	孙囡	wu	high	
孫女	孙囡儿	wu	med	
孫女	女孙	literary	high	古語
孫女	孙女子	north	low	待查
外孫子	外孙儿	colloquial	high	
外孫女	外孙囡	wu	high	
外孫女	外孙女儿	colloquial	high	
兒媳	儿媳妇	colloquial	high	
兒媳	息妇儿	north	low	待查
兒媳	儿媳妇儿	north	med	兒化
兒媳	新妇	min-wu	high	古語存留於閩吳
兒媳	新妇囝	min	high	
兒媳	心抱	yue	high	粵(新婦音轉)
兒媳	息妇	literary	med	
兒媳	儿妇	literary	high	
兒媳	子妇	literary	high	
兒媳	小妇	exclude	med	易與「妾」混,歧義
兒媳	少奶奶	exclude	high	舊時僕從稱謂
兒媳	少夫人	exclude	high	同上
女婿	姑爷	north	high	北方
女婿	姑爷儿	north	med	
女婿	女婿子	southwest	med	
女婿	女婿儿	north	med	
女婿	儿婿	literary	med	
女婿	子婿	literary	high	
女婿	息婿	literary	med	
女婿	小婿	literary	high	自稱謙詞
女婿	快婿	literary	high	「乘龍快婿」
女婿	郎婿	literary	med	
女婿	郎婿子	literary	low	待查
女婿	息婿儿	literary	low	待查
女婿	囝婿	min	high	
女婿	囡婿	wu	high	
女婿	东床	literary	high	典故(王羲之)
女婿	半子	literary	high	典故
女婿	甥馆	literary	high	典故(《孟子》)
女婿	女夫	literary	med	
岳父	公父	literary	low	待查
岳父	家公	yue-hakka	high	亦指外祖父,須防歧義
岳父	家爷	south	low	待查
岳父	大官	min	high	閩(舊)
岳父	老公公	north	med	實多指夫父,須防歧義
岳父	老人公	min	med	
岳父	大人公	min	med	
岳父	公公爸	southwest	low	待查
岳父	公爹	north	high	實指夫父,須防歧義
岳父	翁亲	exclude	high	結構標籤
岳父	君舅	literary	high	古語(婦稱夫父)
岳父	老公爹	north	low	待查
岳父	家官	min	med	
岳父	老官	min	low	待查
岳父	婆父	south	low	待查
岳父	婆爹	southwest	low	待查
岳父	外父	yue	high	粵稱妻父
岳父	泰山	literary	high	典故
岳父	外舅	literary	high	古語(《爾雅》稱妻父)
岳父	老亲爷	north	med	
岳父	丈人爹	north	med	
岳父	老干爷	north	low	待查
岳父	丈人公	wu-min	med	
岳父	丈母爷	north	low	待查
岳父	丈爷	north	low	待查
岳父	丈爷爹	north	low	待查
岳父	丈父	literary	med	
岳父	岳老子	southwest	med	
岳父	老丈杆子	north	med	東北
岳父	岳丈	literary	high	
岳父	岳翁	literary	high	
岳父	妻公	literary	med	
岳父	妇翁	literary	high	古語
岳父	冰翁	literary	high	典故(冰人)
岳母	婆母	north	high	實指夫母,須防歧義
岳母	家婆	yue-hakka	high	
岳母	家娘	yue-min	high	
岳母	大家	literary	high	古語(讀 gū,婦稱夫母)
岳母	老婆婆	north	med	
岳母	老人婆	min	med	
岳母	大人婆	min	med	
岳母	婆婆妈	southwest	low	另有「囉嗦」義,歧義
岳母	婆妈	southwest	low	同上
岳母	姑亲	exclude	high	結構標籤
岳母	君姑	literary	high	古語(婦稱夫母)
岳母	婆母娘	southwest	med	
岳母	婆子妈	southwest	low	待查
岳母	阿姑	min	high	閩(婦稱夫母)
岳母	丈母	colloquial	high	
岳母	老丈母	north	med	
岳母	外母	yue	high	粵稱妻母
岳母	泰水	literary	high	與「泰山」對
岳母	外姑	literary	high	古語(《爾雅》稱妻母)
岳母	老亲娘	north	med	
岳母	丈人娘	wu	high	吳
岳母	老干娘	north	low	待查
岳母	丈人婆	wu	med	
岳母	丈姥	north	low	待查
岳母	丈姥娘	north	low	待查
岳母	丈姆	wu	med	
岳母	岳母娘	southwest	high	
岳母	丈母婆	southwest	med	
岳母	丈姆婆	wu	med	
岳母	丈姆娘	wu	high	吳
堂兄	堂哥	colloquial	high	
堂兄	堂老兄	north	low	待查
堂兄	堂老弟	exclude	high	指堂弟,與本鍵(堂兄)不符——鍵錯位
舅嫂	大妗子	north	high	妻兄之妻,北方妗系
舅嫂	大妗儿	north	high	同上,兒化
舅嫂	妻妗	literary	med	書面
舅母	舅嬷	min-south	med	閩南
舅母	舅娘	southwest-xiang	high	川渝湘
舅母	舅妻	literary	med	書面
舅母	舅姆	min-yue	high	閩粵
舅母	舅姆妈	wu	med	吳語
舅母	舅妇	literary	med	書面
舅母	舅毑	xiang	med	湘語毑系
舅母	老妗	north	med	北方
舅母	妗子	north	high	北方妗系主形
舅母	妗妗	north	high	疊稱
舅母	妗妗儿	north	med	兒化
舅母	妗娘	southwest	med	西南
舅母	妗妈	north	med	北方
舅母	妗母	yue	med	粵
舅母	阿妗	yue-min	high	粵閩
舅母	妗婆仔	min	low	閩台
舅母	妗	colloquial	high	單字形
襟兄	连桥	southwest	med	西南官話
襟兄	两桥	southwest	med	同上
襟兄	老襟	north	med	北方
襟兄	一担挑	north	high	中原/山東
襟兄	老挑	north	high	同上
襟兄	挑担	north	high	同上
襟兄	担儿挑	north	med	同上,兒化
襟兄	连襟儿	north	med	兒化
襟兄	友婿	literary	high	古稱
襟兄	娅	literary	med	《爾雅》兩婿相謂
襟弟	连桥	southwest	med	西南官話
襟弟	两桥	southwest	med	同上
襟弟	老襟	north	med	北方
襟弟	一担挑	north	high	中原/山東
襟弟	老挑	north	high	同上
襟弟	挑担	north	high	同上
襟弟	担儿挑	north	med	同上,兒化
襟弟	连襟儿	north	med	兒化
襟弟	友婿	literary	high	古稱
襟弟	娅	literary	med	《爾雅》兩婿相謂
弟妹	小妗子	north	high	妻弟之妻,北方妗系
弟妹	小妗儿	north	high	同上,兒化
大舅子	大舅哥	north	high	北方
大舅子	大阿舅	wu-min	med	吳閩
大舅子	丈人兄	literary	med	書面
大舅子	舅哥	southwest	high	西南
大舅子	舅子	colloquial	high	通行
大舅子	妻舅	literary	high	書面
大舅子	舅老倌	xiang	low	湘語
婶母	叔母	literary	high	書面
婶母	叔妈	southwest	med	西南
婶母	阿婶	yue-min	high	粵閩
婶母	叔娘	southwest-xiang	med	西南湘
婶母	依婶	min	high	閩東依系
婶母	婶儿	north	med	兒化
婶母	小婶	colloquial	high	通行
婶母	小娘	wu	med	吳語
婶母	小妈	southwest	med	西南
婶母	小妈妈	southwest	med	同上
婶母	仲母	literary	high	《爾雅》系
婶母	季母	literary	high	《爾雅》系
婶母	叔妇	literary	med	書面
婶母	婶	colloquial	high	單字形
婶母	婶妈	north	med	北方
婶母	婶娘	southwest	med	西南
婶母	婶子	north	high	北方
婶母	家婶	yue	med	粵
小舅子	小舅弟	colloquial	med	通行
小舅子	小阿舅	wu-min	med	吳閩
小舅子	丈人弟	literary	med	書面
小舅子	舅弟	colloquial	high	通行
小姨子	小姨妹	colloquial	high	通行
小姨子	姨妹	north	med	北方
小姨子	姨妹子	north	med	同上
小姨子	姨子	colloquial	high	通行
小姨子	妻姨	literary	med	書面
大姨子	大姨姐	north	high	北方
大姨子	大姨儿	north	med	兒化
大姨子	姨姐	colloquial	high	通行
岳外祖父	外祖公	south	med	南系公婆系統
岳外祖父	姥丈人	north	med	北方姥系
岳外祖母	外祖婆	south	med	南系公婆系統
岳外祖母	姥丈母	north	med	北方姥系
岳祖父	祖公公	south	med	南系
岳祖父	祖岳父	literary	med	書面
岳祖父	太岳父	literary	med	書面
岳祖母	祖婆婆	south	med	南系
岳祖母	祖岳母	literary	med	書面
岳祖母	太岳母	literary	med	書面
岳祖母	祖丈母	north	med	北方
岳祖母	祖丈母娘	north	med	同上
伯母	伯妈	southwest	med	西南
伯母	伯娘	yue-southwest	high	粵及西南
伯母	依姆	min	high	閩東依系
伯母	世母	literary	high	《爾雅》系
伯母	大娘	north	high	北方
伯母	伯妇	literary	med	書面
伯母	大嬷	min	med	閩南
伯母	大妈	north	high	北方
伯母	大妈妈	southwest	med	西南
伯母	大姆妈	wu	high	吳語
伯母	姆	min	med	閩南單字形
姑父	姑夫	colloquial	high	通行
姑父	恩伯	min	med	閩南恩系
姑父	恩叔	min	med	閩南恩系
姑父	恩爸	min	med	閩南恩系
姑父	姑爸	southwest	low	西南
姑父	姑爹	xiang-southwest	high	湘及西南
姑父	姑婿	literary	med	書面
姑父	姑郎	literary	med	書面
曾祖父	曾祖	literary	high	書面簡稱
曾祖父	太爷	north	high	北方
曾祖父	老太爷	north	high	北方
曾祖父	太翁	literary	med	書面
曾祖父	曾爷爷	north	med	北方
曾祖父	公太	yue	med	粵
曾祖父	佬嗲	xiang	med	湘語嗲系
曾祖父	祖爷	north	low	北方
姨父	姨夫	colloquial	high	通行
姨父	姨爸	southwest	low	西南
姨父	姨爹	xiang-southwest	high	湘及西南
姨父	姨婿	literary	med	書面
姨父	姨郎	literary	med	書面
曾祖母	太奶	north	high	北方
曾祖母	老太奶	north	high	北方
曾祖母	太嬷	min	med	閩南
曾祖母	太姆	min	med	閩南
曾祖母	曾奶奶	north	med	北方
曾祖母	婆太	yue	med	粵
曾祖母	老娭毑	xiang	high	湘語娭毑系
嫂嫂	嫂	colloquial	high	單字形
嫂嫂	阿嫂	yue-min	high	粵閩
嫂嫂	家嫂	yue	med	粵
嫂嫂	兄妇	literary	high	書面
嫂嫂	兄妻	literary	med	書面
高祖父	曾曾祖父	literary	high	書面
高祖父	祖太公	yue	med	粵
高祖父	祖太爷	north	med	北方
高祖母	曾曾祖母	literary	high	書面
高祖母	祖太婆	yue	med	粵
高祖母	祖太奶	north	med	北方
外曾外祖母	曾毑母	xiang	med	湘語毑系
外曾外祖母	外太姥姥	north	med	北方姥系
外曾外祖父	外曾外祖	literary	med	書面簡稱
外曾外祖父	曾毑父	xiang	med	湘語毑系
外曾外祖父	外太姥爷	north	med	北方姥系
伯祖父	伯祖	literary	high	書面簡稱
伯祖父	伯翁	literary	med	書面
伯祖父	大嗲	xiang	high	湘語嗲系
伯祖父	大公	yue	med	粵
伯祖父	大阿爷	wu	med	吳語
外曾祖母	外太奶	north	med	北方
外曾祖父	外曾祖	literary	high	書面簡稱
外曾祖父	外太爷	north	med	北方
叔祖父	叔祖	literary	high	書面簡稱
叔祖父	叔翁	literary	med	書面
叔祖父	幺爷	southwest	high	西南幺系
叔祖父	细嗲	xiang	high	湘語嗲系
姐夫	姐丈	colloquial	high	通行
姐夫	姐婿	literary	med	書面
姐夫	姊兄	literary	low	書面
姐夫	姐夫哥	southwest	high	西南
曾外祖母	太外婆	south	high	南系
曾外祖母	太外奶	north	med	北方
曾外祖母	太外奶奶	north	med	北方
曾外祖父	曾外祖	literary	high	書面簡稱
曾外祖父	太外公	south	high	南系
曾外祖父	太外爷	north	med	北方
曾外祖父	太外爷爷	north	med	北方
姑祖母	祖姑	literary	high	書面
姑祖母	姑奶	north	high	北方
姑祖母	恩婆	min	med	閩南恩系
姑祖母	姑娭毑	xiang	med	湘語娭毑系
伯岳父	伯公公	south	med	南系
叔岳父	叔公公	south	med	南系
内侄	舅侄	colloquial	med	通行
舅嫂	大婶子	exclude	high	妯娌側(女方視角)詞形,不屬 舅嫂 這個鍵
舅嫂	大婶儿	exclude	high	妯娌側(女方視角)詞形,不屬 舅嫂 這個鍵
舅嫂	大叔兄妇	exclude	high	妯娌側(女方視角)詞形,不屬 舅嫂 這個鍵
舅嫂	伯兄妇	exclude	high	妯娌側(女方視角)詞形,不屬 舅嫂 這個鍵
舅嫂	伯嫂	exclude	high	妯娌側(女方視角)詞形,不屬 舅嫂 這個鍵
舅嫂	伯妇	exclude	high	妯娌側(女方視角)詞形,不屬 舅嫂 這個鍵
舅嫂	伯姆	exclude	high	妯娌側(女方視角)詞形,不屬 舅嫂 這個鍵
舅嫂	姒妇	exclude	high	妯娌側(女方視角)詞形,不屬 舅嫂 這個鍵
舅嫂	姒姆	exclude	high	妯娌側(女方視角)詞形,不屬 舅嫂 這個鍵
舅嫂	大伯嫂	exclude	high	妯娌側(女方視角)詞形,不屬 舅嫂 這個鍵
舅嫂	姆姆	exclude	high	妯娌側(女方視角)詞形,不屬 舅嫂 這個鍵
舅嫂	大姆	exclude	high	妯娌側(女方視角)詞形,不屬 舅嫂 這個鍵
舅嫂	大伯妇	exclude	high	妯娌側(女方視角)詞形,不屬 舅嫂 這個鍵
舅嫂	大伯娘	exclude	high	妯娌側(女方視角)詞形,不屬 舅嫂 這個鍵
舅嫂	姐妇	exclude	high	妯娌側(女方視角)詞形,不屬 舅嫂 這個鍵
舅嫂	阿姆	exclude	high	妯娌側(女方視角)詞形,不屬 舅嫂 這個鍵
舅嫂	大舅兄嫂	exclude	high	妯娌側(女方視角)詞形,不屬 舅嫂 這個鍵
舅嫂	大舅姐	exclude	high	妯娌側(女方視角)詞形,不屬 舅嫂 這個鍵
舅嫂	大舅媳妇	exclude	high	妯娌側(女方視角)詞形,不屬 舅嫂 這個鍵
舅嫂	丈人嫂	exclude	high	妯娌側(女方視角)詞形,不屬 舅嫂 這個鍵
舅嫂	舅妇	exclude	high	妯娌側(女方視角)詞形,不屬 舅嫂 這個鍵
舅嫂	舅姆	exclude	high	妯娌側(女方視角)詞形,不屬 舅嫂 這個鍵
舅嫂	妗仔	exclude	high	妯娌側(女方視角)詞形,不屬 舅嫂 這個鍵
舅嫂	妗子	exclude	high	妯娌側(女方視角)詞形,不屬 舅嫂 這個鍵
舅嫂	妗儿	exclude	high	妯娌側(女方視角)詞形,不屬 舅嫂 這個鍵
舅母	大舅妈	exclude	high	大/小 排行限定,鍵無法表達;或 mumuy 合成
舅母	大妗	exclude	high	大/小 排行限定,鍵無法表達;或 mumuy 合成
舅母	娘妗	exclude	high	大/小 排行限定,鍵無法表達;或 mumuy 合成
舅母	舅媳妇	exclude	high	大/小 排行限定,鍵無法表達;或 mumuy 合成
舅母	舅姥	exclude	high	大/小 排行限定,鍵無法表達;或 mumuy 合成
舅母	妗爹	exclude	high	大/小 排行限定,鍵無法表達;或 mumuy 合成
舅母	妗爸	exclude	high	大/小 排行限定,鍵無法表達;或 mumuy 合成
舅母	妗门	exclude	high	大/小 排行限定,鍵無法表達;或 mumuy 合成
舅母	妗儿妈	exclude	high	大/小 排行限定,鍵無法表達;或 mumuy 合成
舅母	娘妗子	exclude	high	大/小 排行限定,鍵無法表達;或 mumuy 合成
舅母	小舅妈	exclude	high	大/小 排行限定,鍵無法表達;或 mumuy 合成
舅母	小妗	exclude	high	大/小 排行限定,鍵無法表達;或 mumuy 合成
舅母	细妗	exclude	high	大/小 排行限定,鍵無法表達;或 mumuy 合成
襟弟	小姑夫	exclude	high	女方視角(夫之妹之夫)或撞 姨父/姑父;mumuy 佔位符 亘/尹
襟弟	小姑妹夫	exclude	high	女方視角(夫之妹之夫)或撞 姨父/姑父;mumuy 佔位符 亘/尹
襟弟	小亘子	exclude	high	女方視角(夫之妹之夫)或撞 姨父/姑父;mumuy 佔位符 亘/尹
襟弟	婆妹夫	exclude	high	女方視角(夫之妹之夫)或撞 姨父/姑父;mumuy 佔位符 亘/尹
襟弟	婆婆妹夫	exclude	high	女方視角(夫之妹之夫)或撞 姨父/姑父;mumuy 佔位符 亘/尹
襟弟	姑夫	exclude	high	女方視角(夫之妹之夫)或撞 姨父/姑父;mumuy 佔位符 亘/尹
襟弟	姑郎	exclude	high	女方視角(夫之妹之夫)或撞 姨父/姑父;mumuy 佔位符 亘/尹
襟弟	小姨夫	exclude	high	女方視角(夫之妹之夫)或撞 姨父/姑父;mumuy 佔位符 亘/尹
襟弟	小姨妹夫	exclude	high	女方視角(夫之妹之夫)或撞 姨父/姑父;mumuy 佔位符 亘/尹
襟弟	姨妹夫	exclude	high	女方視角(夫之妹之夫)或撞 姨父/姑父;mumuy 佔位符 亘/尹
襟弟	小茙夫	exclude	high	女方視角(夫之妹之夫)或撞 姨父/姑父;mumuy 佔位符 亘/尹
襟弟	小尹子	exclude	high	女方視角(夫之妹之夫)或撞 姨父/姑父;mumuy 佔位符 亘/尹
襟弟	连襟	exclude	high	女方視角(夫之妹之夫)或撞 姨父/姑父;mumuy 佔位符 亘/尹
襟弟	姨夫	exclude	high	女方視角(夫之妹之夫)或撞 姨父/姑父;mumuy 佔位符 亘/尹
襟弟	两乔	exclude	high	女方視角(夫之妹之夫)或撞 姨父/姑父;mumuy 佔位符 亘/尹
襟弟	姨夫爷	exclude	high	女方視角(夫之妹之夫)或撞 姨父/姑父;mumuy 佔位符 亘/尹
襟弟	襟兄弟	exclude	high	女方視角(夫之妹之夫)或撞 姨父/姑父;mumuy 佔位符 亘/尹
襟弟	妻尹	exclude	high	女方視角(夫之妹之夫)或撞 姨父/姑父;mumuy 佔位符 亘/尹
弟妹	小婶子	exclude	high	妯娌側(女方視角)詞形,不屬 弟妹 這個鍵
弟妹	小婶儿	exclude	high	妯娌側(女方視角)詞形,不屬 弟妹 這個鍵
弟妹	小叔弟妇	exclude	high	妯娌側(女方視角)詞形,不屬 弟妹 這個鍵
弟妹	叔弟妇	exclude	high	妯娌側(女方視角)詞形,不屬 弟妹 這個鍵
弟妹	叔嫂	exclude	high	妯娌側(女方視角)詞形,不屬 弟妹 這個鍵
弟妹	叔妇	exclude	high	妯娌側(女方視角)詞形,不屬 弟妹 這個鍵
弟妹	叔姆	exclude	high	妯娌側(女方視角)詞形,不屬 弟妹 這個鍵
弟妹	娣妇	exclude	high	妯娌側(女方視角)詞形,不屬 弟妹 這個鍵
弟妹	娣姆	exclude	high	妯娌側(女方視角)詞形,不屬 弟妹 這個鍵
弟妹	小叔妇	exclude	high	妯娌側(女方視角)詞形,不屬 弟妹 這個鍵
弟妹	小婶	exclude	high	妯娌側(女方視角)詞形,不屬 弟妹 這個鍵
弟妹	小婶婶	exclude	high	妯娌側(女方視角)詞形,不屬 弟妹 這個鍵
弟妹	小舅弟妇	exclude	high	妯娌側(女方視角)詞形,不屬 弟妹 這個鍵
弟妹	小舅嫂	exclude	high	妯娌側(女方視角)詞形,不屬 弟妹 這個鍵
弟妹	舅弟媳	exclude	high	妯娌側(女方視角)詞形,不屬 弟妹 這個鍵
弟妹	小舅妹	exclude	high	妯娌側(女方視角)詞形,不屬 弟妹 這個鍵
弟妹	小舅媳妇	exclude	high	妯娌側(女方視角)詞形,不屬 弟妹 這個鍵
弟妹	舅妇	exclude	high	妯娌側(女方視角)詞形,不屬 弟妹 這個鍵
弟妹	舅姆	exclude	high	妯娌側(女方視角)詞形,不屬 弟妹 這個鍵
弟妹	妻妗	exclude	high	妯娌側(女方視角)詞形,不屬 弟妹 這個鍵
弟妹	妗仔	exclude	high	妯娌側(女方視角)詞形,不屬 弟妹 這個鍵
弟妹	妗子	exclude	high	妯娌側(女方視角)詞形,不屬 弟妹 這個鍵
弟妹	妗儿	exclude	high	妯娌側(女方視角)詞形,不屬 弟妹 這個鍵
襟兄	大姑夫	exclude	high	女方視角(夫之姐之夫)或撞 姨父/姑父;mumuy 佔位符 亘/尹
襟兄	大姑姐夫	exclude	high	女方視角(夫之姐之夫)或撞 姨父/姑父;mumuy 佔位符 亘/尹
襟兄	大亘子	exclude	high	女方視角(夫之姐之夫)或撞 姨父/姑父;mumuy 佔位符 亘/尹
襟兄	婆姐夫	exclude	high	女方視角(夫之姐之夫)或撞 姨父/姑父;mumuy 佔位符 亘/尹
襟兄	婆婆姐夫	exclude	high	女方視角(夫之姐之夫)或撞 姨父/姑父;mumuy 佔位符 亘/尹
襟兄	姑夫	exclude	high	女方視角(夫之姐之夫)或撞 姨父/姑父;mumuy 佔位符 亘/尹
襟兄	姑郎	exclude	high	女方視角(夫之姐之夫)或撞 姨父/姑父;mumuy 佔位符 亘/尹
襟兄	大姨夫	exclude	high	女方視角(夫之姐之夫)或撞 姨父/姑父;mumuy 佔位符 亘/尹
襟兄	大姨姐夫	exclude	high	女方視角(夫之姐之夫)或撞 姨父/姑父;mumuy 佔位符 亘/尹
襟兄	姨姐夫	exclude	high	女方視角(夫之姐之夫)或撞 姨父/姑父;mumuy 佔位符 亘/尹
襟兄	大尹子	exclude	high	女方視角(夫之姐之夫)或撞 姨父/姑父;mumuy 佔位符 亘/尹
襟兄	连襟	exclude	high	女方視角(夫之姐之夫)或撞 姨父/姑父;mumuy 佔位符 亘/尹
襟兄	姨夫	exclude	high	女方視角(夫之姐之夫)或撞 姨父/姑父;mumuy 佔位符 亘/尹
襟兄	两乔	exclude	high	女方視角(夫之姐之夫)或撞 姨父/姑父;mumuy 佔位符 亘/尹
襟兄	姨夫爷	exclude	high	女方視角(夫之姐之夫)或撞 姨父/姑父;mumuy 佔位符 亘/尹
襟兄	襟兄弟	exclude	high	女方視角(夫之姐之夫)或撞 姨父/姑父;mumuy 佔位符 亘/尹
襟兄	妻尹	exclude	high	女方視角(夫之姐之夫)或撞 姨父/姑父;mumuy 佔位符 亘/尹
大舅子	大伯儿	exclude	high	女方視角(夫之兄)詞形
大舅子	大伯兄	exclude	high	女方視角(夫之兄)詞形
大舅子	伯子	exclude	high	女方視角(夫之兄)詞形
大舅子	伯仔	exclude	high	女方視角(夫之兄)詞形
大舅子	伯兄	exclude	high	女方視角(夫之兄)詞形
大舅子	大伯爷	exclude	high	女方視角(夫之兄)詞形
大舅子	伯爷子	exclude	high	女方視角(夫之兄)詞形
大舅子	婿伯	exclude	high	女方視角(夫之兄)詞形
大舅子	大舅佬	exclude	high	女方視角(夫之兄)詞形
大舅子	舅佬	exclude	high	女方視角(夫之兄)詞形
大舅子	老婆舅	exclude	high	女方視角(夫之兄)詞形
大舅子	亲家舅	exclude	high	女方視角(夫之兄)詞形
婶母	几婶	exclude	high	mumuy 合成或撞其他關係詞形
婶母	婶爹	exclude	high	mumuy 合成或撞其他關係詞形
小舅子	小叔儿	exclude	high	女方視角(夫之弟)詞形;舅子/妻舅 已掛在 大舅子
小舅子	小叔弟	exclude	high	女方視角(夫之弟)詞形;舅子/妻舅 已掛在 大舅子
小舅子	叔子	exclude	high	女方視角(夫之弟)詞形;舅子/妻舅 已掛在 大舅子
小舅子	叔弟	exclude	high	女方視角(夫之弟)詞形;舅子/妻舅 已掛在 大舅子
小舅子	叔郎	exclude	high	女方視角(夫之弟)詞形;舅子/妻舅 已掛在 大舅子
小舅子	小郎	exclude	high	女方視角(夫之弟)詞形;舅子/妻舅 已掛在 大舅子
小舅子	小舅佬	exclude	high	女方視角(夫之弟)詞形;舅子/妻舅 已掛在 大舅子
小舅子	舅子	exclude	high	女方視角(夫之弟)詞形;舅子/妻舅 已掛在 大舅子
小舅子	舅佬	exclude	high	女方視角(夫之弟)詞形;舅子/妻舅 已掛在 大舅子
小舅子	妻舅	exclude	high	女方視角(夫之弟)詞形;舅子/妻舅 已掛在 大舅子
小舅子	老婆舅	exclude	high	女方視角(夫之弟)詞形;舅子/妻舅 已掛在 大舅子
小舅子	亲家舅	exclude	high	女方視角(夫之弟)詞形;舅子/妻舅 已掛在 大舅子
小舅子	舅老倌	exclude	high	女方視角(夫之弟)詞形;舅子/妻舅 已掛在 大舅子
小姨子	小姑儿	exclude	high	女方視角(夫之妹)詞形
小姨子	小姑娘	exclude	high	女方視角(夫之妹)詞形
小姨子	婆妹	exclude	high	女方視角(夫之妹)詞形
小姨子	婆婆妹	exclude	high	女方視角(夫之妹)詞形
小姨子	姑子	exclude	high	女方視角(夫之妹)詞形
小姨子	夫姑	exclude	high	女方視角(夫之妹)詞形
小姨子	小茙儿	exclude	high	女方視角(夫之妹)詞形
岳外祖父	外祖公父	exclude	high	mumuy 合成(外祖+丈人 拼接),非實際稱呼
岳外祖父	毑公父	exclude	high	mumuy 合成(外祖+丈人 拼接),非實際稱呼
岳外祖父	外祖公公	exclude	high	mumuy 合成(外祖+丈人 拼接),非實際稱呼
岳外祖父	姥公父	exclude	high	mumuy 合成(外祖+丈人 拼接),非實際稱呼
岳外祖父	毑岳父	exclude	high	mumuy 合成(外祖+丈人 拼接),非實際稱呼
岳外祖父	外祖丈人爹	exclude	high	mumuy 合成(外祖+丈人 拼接),非實際稱呼
岳外祖父	外祖丈人	exclude	high	mumuy 合成(外祖+丈人 拼接),非實際稱呼
岳外祖父	外太岳父	exclude	high	mumuy 合成(外祖+丈人 拼接),非實際稱呼
岳外祖父	姥丈爷	exclude	high	mumuy 合成(外祖+丈人 拼接),非實際稱呼
岳外祖父	姥丈人爹	exclude	high	mumuy 合成(外祖+丈人 拼接),非實際稱呼
岳外祖父	老丈爷	exclude	high	mumuy 合成(外祖+丈人 拼接),非實際稱呼
岳外祖父	姥爷丈人	exclude	high	mumuy 合成(外祖+丈人 拼接),非實際稱呼
大姨子	大姑儿	exclude	high	女方視角(夫之姐)詞形;姨子/妻姨 已掛在 小姨子
大姨子	大姑娘	exclude	high	女方視角(夫之姐)詞形;姨子/妻姨 已掛在 小姨子
大姨子	婆姐	exclude	high	女方視角(夫之姐)詞形;姨子/妻姨 已掛在 小姨子
大姨子	婆婆姐	exclude	high	女方視角(夫之姐)詞形;姨子/妻姨 已掛在 小姨子
大姨子	大娘姑	exclude	high	女方視角(夫之姐)詞形;姨子/妻姨 已掛在 小姨子
大姨子	姑子	exclude	high	女方視角(夫之姐)詞形;姨子/妻姨 已掛在 小姨子
大姨子	夫姑	exclude	high	女方視角(夫之姐)詞形;姨子/妻姨 已掛在 小姨子
大姨子	姨子	exclude	high	女方視角(夫之姐)詞形;姨子/妻姨 已掛在 小姨子
大姨子	妻姨	exclude	high	女方視角(夫之姐)詞形;姨子/妻姨 已掛在 小姨子
岳外祖母	外祖婆母	exclude	high	mumuy 合成(外祖+丈母 拼接),非實際稱呼
岳外祖母	毑婆母	exclude	high	mumuy 合成(外祖+丈母 拼接),非實際稱呼
岳外祖母	外祖婆婆	exclude	high	mumuy 合成(外祖+丈母 拼接),非實際稱呼
岳外祖母	姥婆母	exclude	high	mumuy 合成(外祖+丈母 拼接),非實際稱呼
岳外祖母	毑岳母	exclude	high	mumuy 合成(外祖+丈母 拼接),非實際稱呼
岳外祖母	外祖丈母娘	exclude	high	mumuy 合成(外祖+丈母 拼接),非實際稱呼
岳外祖母	外祖丈母	exclude	high	mumuy 合成(外祖+丈母 拼接),非實際稱呼
岳外祖母	外太岳母	exclude	high	mumuy 合成(外祖+丈母 拼接),非實際稱呼
岳外祖母	姥丈姥	exclude	high	mumuy 合成(外祖+丈母 拼接),非實際稱呼
岳外祖母	姥丈母娘	exclude	high	mumuy 合成(外祖+丈母 拼接),非實際稱呼
岳外祖母	老丈娘	exclude	high	mumuy 合成(外祖+丈母 拼接),非實際稱呼
岳祖父	祖公父	exclude	high	mumuy 合成(祖+丈人 拼接),非實際稱呼
岳祖父	奶公父	exclude	high	mumuy 合成(祖+丈人 拼接),非實際稱呼
岳祖父	奶岳父	exclude	high	mumuy 合成(祖+丈人 拼接),非實際稱呼
岳祖父	爷丈人	exclude	high	mumuy 合成(祖+丈人 拼接),非實際稱呼
岳祖父	奶爷丈人	exclude	high	mumuy 合成(祖+丈人 拼接),非實際稱呼
岳祖父	奶丈爷	exclude	high	mumuy 合成(祖+丈人 拼接),非實際稱呼
岳祖父	老丈爷	exclude	high	mumuy 合成(祖+丈人 拼接),非實際稱呼
伯母	伯姐	exclude	high	mumuy 合成或撞其他關係詞形
姑父	大姑丈	exclude	high	大/小 排行限定或已收;姑丈 已在通用口語層
姑父	大姑夫	exclude	high	大/小 排行限定或已收;姑丈 已在通用口語層
姑父	姑伯	exclude	high	大/小 排行限定或已收;姑丈 已在通用口語層
姑父	亘	exclude	high	大/小 排行限定或已收;姑丈 已在通用口語層
姑父	小姑丈	exclude	high	大/小 排行限定或已收;姑丈 已在通用口語層
姑父	小姑夫	exclude	high	大/小 排行限定或已收;姑丈 已在通用口語層
岳祖母	祖婆母	exclude	high	mumuy 合成(祖+丈母 拼接),非實際稱呼
岳祖母	奶婆母	exclude	high	mumuy 合成(祖+丈母 拼接),非實際稱呼
岳祖母	奶岳母	exclude	high	mumuy 合成(祖+丈母 拼接),非實際稱呼
岳祖母	奶丈母娘	exclude	high	mumuy 合成(祖+丈母 拼接),非實際稱呼
岳祖母	奶丈姥	exclude	high	mumuy 合成(祖+丈母 拼接),非實際稱呼
岳祖母	奶丈母	exclude	high	mumuy 合成(祖+丈母 拼接),非實際稱呼
岳祖母	老丈姥	exclude	high	mumuy 合成(祖+丈母 拼接),非實際稱呼
曾祖父	外曾外毑父	exclude	high	mumuy 合成或撞其他關係詞形
曾祖父	三世祖	exclude	high	mumuy 合成或撞其他關係詞形
姨父	大姨丈	exclude	high	大/小 排行限定或已收;姨丈 已在通用口語層
姨父	大姨父	exclude	high	大/小 排行限定或已收;姨丈 已在通用口語層
姨父	大姨夫	exclude	high	大/小 排行限定或已收;姨丈 已在通用口語層
姨父	姨伯	exclude	high	大/小 排行限定或已收;姨丈 已在通用口語層
姨父	尹	exclude	high	大/小 排行限定或已收;姨丈 已在通用口語層
姨父	小姨丈	exclude	high	大/小 排行限定或已收;姨丈 已在通用口語層
姨父	小姨父	exclude	high	大/小 排行限定或已收;姨丈 已在通用口語層
姨父	小姨夫	exclude	high	大/小 排行限定或已收;姨丈 已在通用口語層
姨父	姨叔	exclude	high	大/小 排行限定或已收;姨丈 已在通用口語層
侄子	弟子	exclude	high	弟子 = 門徒,撞義;侄儿子 為合成
侄子	侄儿子	exclude	high	弟子 = 門徒,撞義;侄儿子 為合成
曾祖母	外曾外毑母	exclude	high	mumuy 合成或撞其他關係詞形
嫂嫂	嫂子	exclude	high	mumuy 合成或撞其他關係詞形
嫂嫂	兄姊	exclude	high	mumuy 合成或撞其他關係詞形
嫂嫂	几嫂	exclude	high	mumuy 合成或撞其他關係詞形
高祖父	外曾外曾外毑父	exclude	high	mumuy 合成或撞其他關係詞形
高祖父	高太爷	exclude	high	mumuy 合成或撞其他關係詞形
高祖父	祖太翁	exclude	high	mumuy 合成或撞其他關係詞形
高祖父	祖太爷爷	exclude	high	mumuy 合成或撞其他關係詞形
高祖父	四世祖	exclude	high	mumuy 合成或撞其他關係詞形
高祖母	外曾外曾外毑母	exclude	high	mumuy 合成或撞其他關係詞形
高祖母	高太奶	exclude	high	mumuy 合成或撞其他關係詞形
高祖母	祖太姆	exclude	high	mumuy 合成或撞其他關係詞形
高祖母	祖太奶奶	exclude	high	mumuy 合成或撞其他關係詞形
外曾外祖母	外太外婆	exclude	high	mumuy 合成(外太外+X)
外曾外祖母	外太外奶	exclude	high	mumuy 合成(外太外+X)
外曾外祖母	外太外嬷	exclude	high	mumuy 合成(外太外+X)
外曾外祖母	外太外姆	exclude	high	mumuy 合成(外太外+X)
外曾外祖母	外太外奶奶	exclude	high	mumuy 合成(外太外+X)
外曾外祖父	外太外公	exclude	high	mumuy 合成(外太外+X)
外曾外祖父	外太外爷	exclude	high	mumuy 合成(外太外+X)
外曾外祖父	外太外翁	exclude	high	mumuy 合成(外太外+X)
外曾外祖父	外太外爷爷	exclude	high	mumuy 合成(外太外+X)
伯岳父	伯公父	exclude	high	撞 伯祖父 的詞形,或女方視角
伯岳父	伯翁	exclude	high	撞 伯祖父 的詞形,或女方視角
伯岳父	伯祖	exclude	high	撞 伯祖父 的詞形,或女方視角
伯岳父	婆婆伯	exclude	high	撞 伯祖父 的詞形,或女方視角
外曾祖母	曾外毑母	exclude	high	mumuy 合成或撞其他關係詞形
外曾祖母	外太嬷	exclude	high	mumuy 合成或撞其他關係詞形
外曾祖母	外太姆	exclude	high	mumuy 合成或撞其他關係詞形
外曾祖父	曾外毑父	exclude	high	mumuy 合成或撞其他關係詞形
外曾祖父	外太翁	exclude	high	mumuy 合成或撞其他關係詞形
叔岳父	叔公父	exclude	high	撞 叔祖父 的詞形,或女方視角
叔岳父	叔翁	exclude	high	撞 叔祖父 的詞形,或女方視角
叔岳父	叔祖	exclude	high	撞 叔祖父 的詞形,或女方視角
叔岳父	婆婆叔	exclude	high	撞 叔祖父 的詞形,或女方視角
姐夫	姐郎	exclude	high	mumuy 合成或撞其他關係詞形
姐夫	胞姐夫	exclude	high	mumuy 合成或撞其他關係詞形
曾外祖母	外曾毑母	exclude	high	mumuy 合成或撞其他關係詞形
曾外祖母	太外嬷	exclude	high	mumuy 合成或撞其他關係詞形
曾外祖母	太外姆	exclude	high	mumuy 合成或撞其他關係詞形
曾外祖父	外曾毑父	exclude	high	mumuy 合成或撞其他關係詞形
曾外祖父	太外翁	exclude	high	mumuy 合成或撞其他關係詞形
叔祖父	晚公	exclude	high	mumuy 合成或撞其他關係詞形
侄女	弟女	exclude	high	書面罕用,信心不足
内侄	叔侄	exclude	high	叔侄 為羣稱
曾孙子	曾孙	literary	high	書面簡稱
曾孙子	重孙	north	high	北方
曾孙子	重孙子	north	high	北方
曾孙女	重孙女	north	high	北方
玄孙子	玄孙	literary	high	書面簡稱
玄孙子	元孙	literary	med	古語
玄孙子	重重孙	colloquial	med	口語疊稱
玄孙女	元孙女	literary	med	古語
来孙子	来孙	literary	high	《爾雅》世代名
晜孙子	晜孙	literary	high	《爾雅》世代名
晜孙子	昆孙	literary	high	同上,異寫
外曾孙子	外曾孙	literary	high	書面簡稱
外曾孙子	重外孙	north	high	北方
外曾孙女	重外孙女	north	high	北方
外玄孙子	外玄孙	literary	high	書面簡稱
外玄孙子	外元孙	literary	med	古語
外玄孙女	外元孙女	literary	med	古語
曾外孙子	曾外孙	literary	high	書面簡稱
外曾外孙子	外曾外孙	literary	high	書面簡稱
孙媳	孙媳妇	colloquial	high	通行
孙媳	孙妇	literary	med	書面
孙媳	孙新妇	min	med	閩
孙婿	孙女婿	colloquial	high	通行
孙婿	孙郎	literary	low	書面
曾孙媳	曾孙妇	literary	med	書面
曾孙媳	重孙媳妇	north	high	北方
曾孙婿	曾孙女婿	colloquial	high	通行
玄孙媳	玄孙媳妇	colloquial	high	通行
玄孙婿	玄孙女婿	colloquial	high	通行
来孙媳	来孙媳妇	colloquial	high	通行
来孙婿	来孙女婿	colloquial	high	通行
晜孙媳	晜孙媳妇	colloquial	high	通行
晜孙婿	晜孙女婿	colloquial	high	通行
外孙媳	外孙媳妇	colloquial	high	通行
外孙媳	外孙妇	literary	med	書面
外孙媳	外孙新妇	min	med	閩
外孙婿	外孙女婿	colloquial	high	通行
外孙婿	外孙郎	literary	low	書面
外曾孙媳	外曾孙媳妇	colloquial	high	通行
外曾孙媳	外曾孙妇	literary	med	書面
外曾孙婿	外曾孙女婿	colloquial	high	通行
外曾孙婿	重外孙女婿	north	med	北方
外玄孙媳	外玄孙媳妇	colloquial	high	通行
外玄孙婿	外玄孙女婿	colloquial	high	通行
外曾外孙媳	外曾外孙媳妇	colloquial	high	通行
外曾外孙婿	外曾外孙女婿	colloquial	high	通行
侄媳妇	侄媳	colloquial	high	通行
侄媳妇	侄妇	literary	med	書面
侄女婿	侄婿	colloquial	high	通行
侄女婿	侄郎	literary	low	書面
外甥媳	甥媳妇	colloquial	high	通行
外甥媳	甥媳	colloquial	high	通行
外甥媳	甥妇	literary	med	書面
外甥婿	甥女婿	colloquial	high	通行
外甥婿	甥婿	colloquial	high	通行
外甥婿	甥郎	literary	low	書面
外甥孙	甥孙	literary	high	書面簡稱
外甥孙	远甥	literary	med	古語
外甥孙	弥甥	literary	med	《左傳》
外甥孙女	甥孙女	literary	high	書面簡稱
外甥孙女	远甥女	literary	med	古語
外甥孙女	弥甥女	literary	med	古語
堂侄子	堂侄	colloquial	high	通行
堂侄子	再从子	literary	high	《爾雅》從服系
堂侄孙子	堂侄孙	colloquial	high	通行
堂侄孙子	再从孙	literary	high	從服系
从堂侄子	从堂侄	literary	high	書面簡稱
从堂侄子	三从子	literary	high	從服系
堂侄媳	堂侄媳妇	colloquial	high	通行
堂侄婿	堂侄女婿	colloquial	high	通行
堂外甥媳	堂外甥媳妇	colloquial	high	通行
堂外甥婿	堂外甥女婿	colloquial	high	通行
妹夫	妹丈	colloquial	high	通行
妹夫	妹婿	literary	med	書面
妹夫	妹郎	literary	low	書面
弟媳	弟媳妇	colloquial	high	通行
弟媳	弟媳妇子	northwest	med	西北
弟媳	弟新妇	min	med	閩
堂嫂	堂弟妇	exclude	high	誤掛:堂弟妇 指堂弟之妻,不是堂兄之妻
堂弟媳	堂弟妹	colloquial	med	通行
堂弟媳	堂弟妇	literary	med	書面
舅祖父	舅爷爷	north	high	北方
舅祖父	舅祖	literary	high	書面簡稱
舅祖父	太舅父	literary	med	書面
舅祖母	妗婆	north	high	北方妗系
舅祖母	妗奶	north	med	北方妗系
舅祖母	太舅母	literary	med	書面
姨祖母	姨奶	north	high	北方
姨祖母	姨娭毑	xiang	med	湘語娭毑系
姨祖父	姨爷爷	north	high	北方
姨祖父	姨公公	south	med	南系
姨祖父	姨丈公	south	med	南系
姑祖父	祖姑丈	literary	med	書面
姑祖父	恩爹	min	med	閩南恩系
叔祖母	叔娭毑	xiang	med	湘語娭毑系
叔祖母	幺奶	southwest	high	西南幺系
叔祖母	晚婆	yue	low	粵
伯祖母	姆婆	min	med	閩南
伯祖母	伯娭毑	xiang	med	湘語娭毑系
伯外祖父	大姥爷	north	med	北方姥系
伯外祖父	大外爷	north	med	北方
伯外祖父	大外公	south	med	南系
叔外祖父	小姥爷	north	med	北方姥系
叔外祖父	小外爷	north	med	北方
叔外祖父	小外公	south	med	南系
伯外祖母	大姥姥	north	med	北方姥系
伯外祖母	大外婆	south	med	南系
叔外祖母	小姥姥	north	med	北方姥系
叔外祖母	婶姥姥	north	med	北方姥系
叔外祖母	小外婆	south	med	南系
舅外祖母	妗姥姥	north	high	北方妗系
舅外祖母	妗姥娘	north	med	北方妗系
舅外祖母	妗姥	north	med	北方妗系
姑外祖父	恩爹	min	med	閩南恩系
姑外祖父	外姑丈公	south	med	南系
姨外祖父	外姨丈公	south	med	南系
堂伯	从父	literary	high	《爾雅》從服系
堂叔	从父	literary	high	《爾雅》從服系
从伯	从伯父	literary	high	書面全稱
从伯	再从父	literary	high	從服系
从叔	从叔父	literary	high	書面全稱
从叔	再从父	literary	high	從服系
从伯母	再从母	literary	high	從服系
从婶	再从母	literary	high	從服系
堂舅母	堂舅妈	colloquial	high	通行
堂姨父	堂姨丈	colloquial	high	通行
堂妹	堂细妹	yue	med	粵
姻侄	世侄	literary	high	書面
内侄女	舅侄女	colloquial	med	通行
高外祖母	高外婆	south	med	南系
岳曾祖母	曾祖婆母	exclude	high	mumuy 以「祖輩詞 + 丈人/丈母/公/婆」拼接,非實際稱呼
岳曾祖母	曾祖婆	exclude	high	mumuy 合成或深層拼接,非實際稱呼
岳曾祖母	太奶亲	exclude	high	mumuy 合成或深層拼接,非實際稱呼
岳曾祖母	曾祖岳母	exclude	high	mumuy 合成或深層拼接,非實際稱呼
岳曾祖母	曾祖丈母	exclude	high	mumuy 以「祖輩詞 + 丈人/丈母/公/婆」拼接,非實際稱呼
岳曾祖母	曾祖丈母娘	exclude	high	mumuy 以「祖輩詞 + 丈人/丈母/公/婆」拼接,非實際稱呼
岳曾祖母	祖奶丈母娘	exclude	high	mumuy 以「祖輩詞 + 丈人/丈母/公/婆」拼接,非實際稱呼
岳曾祖母	太奶丈母娘	exclude	high	mumuy 以「祖輩詞 + 丈人/丈母/公/婆」拼接,非實際稱呼
岳外曾祖父	外曾祖公父	exclude	high	mumuy 以「祖輩詞 + 丈人/丈母/公/婆」拼接,非實際稱呼
岳外曾祖父	外曾祖公	exclude	high	mumuy 合成或深層拼接,非實際稱呼
岳外曾祖父	外曾祖岳父	exclude	high	mumuy 合成或深層拼接,非實際稱呼
岳外曾祖父	祖奶爷丈人	exclude	high	mumuy 以「祖輩詞 + 丈人/丈母/公/婆」拼接,非實際稱呼
岳外曾祖父	太奶爷丈人	exclude	high	mumuy 以「祖輩詞 + 丈人/丈母/公/婆」拼接,非實際稱呼
岳外曾祖父	祖姥爷丈人	exclude	high	mumuy 以「祖輩詞 + 丈人/丈母/公/婆」拼接,非實際稱呼
岳外曾祖父	太姥爷丈人	exclude	high	mumuy 以「祖輩詞 + 丈人/丈母/公/婆」拼接,非實際稱呼
妹夫	妹弟	exclude	high	mumuy 合成或深層拼接,非實際稱呼
妹夫	妹夫子	exclude	high	mumuy 合成或深層拼接,非實際稱呼
妹夫	胞妹夫	exclude	high	mumuy 合成或深層拼接,非實際稱呼
岳曾外祖母	曾外祖婆母	exclude	high	mumuy 以「祖輩詞 + 丈人/丈母/公/婆」拼接,非實際稱呼
岳曾外祖母	曾外祖婆	exclude	high	mumuy 合成或深層拼接,非實際稱呼
岳曾外祖母	曾外祖岳母	exclude	high	mumuy 合成或深層拼接,非實際稱呼
岳曾外祖母	曾外祖丈母	exclude	high	mumuy 以「祖輩詞 + 丈人/丈母/公/婆」拼接,非實際稱呼
岳曾外祖母	曾外祖丈母娘	exclude	high	mumuy 以「祖輩詞 + 丈人/丈母/公/婆」拼接,非實際稱呼
岳曾外祖母	祖姥丈母娘	exclude	high	mumuy 以「祖輩詞 + 丈人/丈母/公/婆」拼接,非實際稱呼
岳曾外祖母	太姥丈母娘	exclude	high	mumuy 以「祖輩詞 + 丈人/丈母/公/婆」拼接,非實際稱呼
伯岳母	伯婆母	exclude	high	mumuy 以「祖輩詞 + 丈人/丈母/公/婆」拼接,非實際稱呼
伯岳母	姆婆	exclude	high	mumuy 合成或深層拼接,非實際稱呼
伯岳母	伯婆婆	exclude	high	mumuy 合成或深層拼接,非實際稱呼
伯岳母	伯姆	exclude	high	mumuy 合成或深層拼接,非實際稱呼
伯岳母	婆婆伯姆	exclude	high	mumuy 合成或深層拼接,非實際稱呼
叔岳母	叔婆母	exclude	high	mumuy 以「祖輩詞 + 丈人/丈母/公/婆」拼接,非實際稱呼
叔岳母	婶婆婆	exclude	high	mumuy 合成或深層拼接,非實際稱呼
叔岳母	婶亲	exclude	high	mumuy 合成或深層拼接,非實際稱呼
叔岳母	婆婆婶子	exclude	high	mumuy 合成或深層拼接,非實際稱呼
岳曾祖父	曾祖公父	exclude	high	mumuy 以「祖輩詞 + 丈人/丈母/公/婆」拼接,非實際稱呼
岳曾祖父	曾祖公	exclude	high	mumuy 合成或深層拼接,非實際稱呼
岳曾祖父	太公翁	exclude	high	mumuy 以「祖輩詞 + 丈人/丈母/公/婆」拼接,非實際稱呼
岳曾祖父	曾祖岳父	exclude	high	mumuy 合成或深層拼接,非實際稱呼
岳曾祖父	曾祖丈人	exclude	high	mumuy 以「祖輩詞 + 丈人/丈母/公/婆」拼接,非實際稱呼
岳曾祖父	太爷丈人	exclude	high	mumuy 以「祖輩詞 + 丈人/丈母/公/婆」拼接,非實際稱呼
岳曾祖父	祖爷丈人	exclude	high	mumuy 以「祖輩詞 + 丈人/丈母/公/婆」拼接,非實際稱呼
岳外曾外祖母	外曾外祖婆母	exclude	high	mumuy 以「祖輩詞 + 丈人/丈母/公/婆」拼接,非實際稱呼
岳外曾外祖母	外曾外祖婆	exclude	high	mumuy 合成或深層拼接,非實際稱呼
岳外曾外祖母	外曾外祖岳母	exclude	high	mumuy 合成或深層拼接,非實際稱呼
岳外曾外祖母	外曾外祖丈母	exclude	high	mumuy 以「祖輩詞 + 丈人/丈母/公/婆」拼接,非實際稱呼
岳外曾外祖母	外曾外祖丈母娘	exclude	high	mumuy 以「祖輩詞 + 丈人/丈母/公/婆」拼接,非實際稱呼
岳外曾外祖母	祖姥丈母娘	exclude	high	mumuy 以「祖輩詞 + 丈人/丈母/公/婆」拼接,非實際稱呼
岳外曾外祖母	太姥丈母娘	exclude	high	mumuy 以「祖輩詞 + 丈人/丈母/公/婆」拼接,非實際稱呼
岳外曾祖母	外曾祖婆母	exclude	high	mumuy 以「祖輩詞 + 丈人/丈母/公/婆」拼接,非實際稱呼
岳外曾祖母	外曾祖婆	exclude	high	mumuy 合成或深層拼接,非實際稱呼
岳外曾祖母	外曾祖岳母	exclude	high	mumuy 合成或深層拼接,非實際稱呼
岳外曾祖母	外曾祖丈母	exclude	high	mumuy 以「祖輩詞 + 丈人/丈母/公/婆」拼接,非實際稱呼
岳外曾祖母	太奶丈母娘	exclude	high	mumuy 以「祖輩詞 + 丈人/丈母/公/婆」拼接,非實際稱呼
岳外曾祖母	祖姥丈母娘	exclude	high	mumuy 以「祖輩詞 + 丈人/丈母/公/婆」拼接,非實際稱呼
岳外曾祖母	太姥丈母娘	exclude	high	mumuy 以「祖輩詞 + 丈人/丈母/公/婆」拼接,非實際稱呼
岳外曾外祖父	外曾外祖公父	exclude	high	mumuy 以「祖輩詞 + 丈人/丈母/公/婆」拼接,非實際稱呼
岳外曾外祖父	外曾外祖公	exclude	high	mumuy 合成或深層拼接,非實際稱呼
岳外曾外祖父	外曾外祖岳父	exclude	high	mumuy 合成或深層拼接,非實際稱呼
岳外曾外祖父	外曾外祖丈人	exclude	high	mumuy 以「祖輩詞 + 丈人/丈母/公/婆」拼接,非實際稱呼
岳外曾外祖父	祖姥爷丈人	exclude	high	mumuy 以「祖輩詞 + 丈人/丈母/公/婆」拼接,非實際稱呼
岳外曾外祖父	太姥爷丈人	exclude	high	mumuy 以「祖輩詞 + 丈人/丈母/公/婆」拼接,非實際稱呼
岳曾外祖父	曾外祖公父	exclude	high	mumuy 以「祖輩詞 + 丈人/丈母/公/婆」拼接,非實際稱呼
岳曾外祖父	曾外祖公	exclude	high	mumuy 合成或深層拼接,非實際稱呼
岳曾外祖父	曾外祖岳父	exclude	high	mumuy 合成或深層拼接,非實際稱呼
岳曾外祖父	曾外祖丈人	exclude	high	mumuy 以「祖輩詞 + 丈人/丈母/公/婆」拼接,非實際稱呼
岳曾外祖父	祖姥爷丈人	exclude	high	mumuy 以「祖輩詞 + 丈人/丈母/公/婆」拼接,非實際稱呼
岳曾外祖父	太姥爷丈	exclude	high	mumuy 合成或深層拼接,非實際稱呼
弟媳	老弟嫂	exclude	high	排行限定形,鍵無法表達哪一位
舅祖父	大舅爷	exclude	high	排行限定形,鍵無法表達哪一位
舅祖父	大舅爹	exclude	high	排行限定形,鍵無法表達哪一位
曾孙子	曾孙男	exclude	high	mumuy 合成或深層拼接,非實際稱呼
曾孙子	息仔	exclude	high	mumuy 的「息」系結構標籤,非稱呼
曾孙子	三世孙	exclude	high	世系標籤,非稱呼語
舅外祖母	外妗婆	exclude	high	mumuy 合成或深層拼接,非實際稱呼
叔外祖母	外婶婆	exclude	high	mumuy 合成或深層拼接,非實際稱呼
叔外祖母	小姥奶	exclude	high	排行限定形,鍵無法表達哪一位
叔外祖父	外叔祖	exclude	high	mumuy 合成或深層拼接,非實際稱呼
叔外祖父	叔外祖	exclude	high	mumuy 合成或深層拼接,非實際稱呼
伯外祖父	外伯祖	exclude	high	mumuy 合成或深層拼接,非實際稱呼
伯外祖父	伯外祖	exclude	high	mumuy 合成或深層拼接,非實際稱呼
舅祖母	小舅婆	exclude	high	排行限定形,鍵無法表達哪一位
舅祖父	小舅爷	exclude	high	排行限定形,鍵無法表達哪一位
舅祖父	小舅爹	exclude	high	排行限定形,鍵無法表達哪一位
舅祖母	大舅婆	exclude	high	排行限定形,鍵無法表達哪一位
叔祖母	小奶奶	exclude	high	排行限定形,鍵無法表達哪一位
姑外祖父	外丈公	exclude	high	mumuy 合成或深層拼接,非實際稱呼
外甥媳	甥嫂	exclude	high	mumuy 合成或深層拼接,非實際稱呼
外甥媳	甥儿息妇儿	exclude	high	mumuy 的「息」系結構標籤,非稱呼
堂伯	堂伯叔父	exclude	high	「伯叔」同時蓋住伯龢叔兩個位置,是群稱不是異名
堂伯	堂叔伯	exclude	high	mumuy 合成或深層拼接,非實際稱呼
姑祖父	丈公	exclude	high	mumuy 合成或深層拼接,非實際稱呼
伯外祖母	外姆婆	exclude	high	mumuy 合成或深層拼接,非實際稱呼
伯外祖母	大姥奶	exclude	high	排行限定形,鍵無法表達哪一位
堂叔	堂伯叔父	exclude	high	「伯叔」同時蓋住伯龢叔兩個位置,是群稱不是異名
堂叔	堂叔伯	exclude	high	mumuy 合成或深層拼接,非實際稱呼
堂弟媳	堂兄嫂	exclude	high	mumuy 合成或深層拼接,非實際稱呼
孙媳	孙息妇	exclude	high	mumuy 的「息」系結構標籤,非稱呼
玄孙子	膀孙	exclude	high	mumuy 合成或深層拼接,非實際稱呼
玄孙子	四世孙	exclude	high	世系標籤,非稱呼語
堂嫂	堂兄嫂	literary	med	書面全稱
堂嫂	堂弟妹	exclude	high	mumuy 合成或深層拼接,非實際稱呼
姨祖父	丈公	exclude	high	mumuy 合成或深層拼接,非實際稱呼
姨外祖父	外丈公	exclude	high	mumuy 合成或深層拼接,非實際稱呼
从叔	从伯父	exclude	high	mumuy 合成或深層拼接,非實際稱呼
从叔	从伯叔父	exclude	high	「伯叔」同時蓋住伯龢叔兩個位置,是群稱不是異名
从伯	从叔父	exclude	high	mumuy 合成或深層拼接,非實際稱呼
从伯	从伯叔父	exclude	high	「伯叔」同時蓋住伯龢叔兩個位置,是群稱不是異名
姑岳母	姑婆母	exclude	high	mumuy 以「祖輩詞 + 丈人/丈母/公/婆」拼接,非實際稱呼
姑岳母	姑婆婆	exclude	high	mumuy 合成或深層拼接,非實際稱呼
姑岳母	婆婆姑	exclude	high	mumuy 合成或深層拼接,非實際稱呼
姑岳父	姑公父	exclude	high	mumuy 以「祖輩詞 + 丈人/丈母/公/婆」拼接,非實際稱呼
姑岳父	姑公公	exclude	high	mumuy 合成或深層拼接,非實際稱呼
姑岳父	婆婆姑夫	exclude	high	mumuy 合成或深層拼接,非實際稱呼
从婶	从叔母	exclude	high	mumuy 合成或深層拼接,非實際稱呼
从婶	从伯叔母	exclude	high	「伯叔」同時蓋住伯龢叔兩個位置,是群稱不是異名
舅岳母	舅婆母	exclude	high	mumuy 以「祖輩詞 + 丈人/丈母/公/婆」拼接,非實際稱呼
舅岳母	妗婆婆	exclude	high	mumuy 合成或深層拼接,非實際稱呼
舅岳母	舅婆婆	exclude	high	mumuy 合成或深層拼接,非實際稱呼
外甥婿	甥儿息婿儿	exclude	high	mumuy 的「息」系結構標籤,非稱呼
侄媳妇	侄嫂	exclude	high	mumuy 合成或深層拼接,非實際稱呼
孙婿	孙息婿	exclude	high	mumuy 的「息」系結構標籤,非稱呼
堂妹	堂大姐	exclude	high	mumuy 合成或深層拼接,非實際稱呼
堂弟	堂老兄	exclude	high	mumuy 合成或深層拼接,非實際稱呼
堂弟	堂老弟	exclude	high	mumuy 合成或深層拼接,非實際稱呼
堂姐	堂大姐	exclude	high	mumuy 合成或深層拼接,非實際稱呼
堂姐	堂细妹	exclude	high	mumuy 合成或深層拼接,非實際稱呼
从伯母	从叔母	exclude	high	mumuy 合成或深層拼接,非實際稱呼
从伯母	从伯叔母	exclude	high	「伯叔」同時蓋住伯龢叔兩個位置,是群稱不是異名
堂伯母	堂伯叔母	exclude	high	「伯叔」同時蓋住伯龢叔兩個位置,是群稱不是異名
堂婶	堂伯叔母	exclude	high	「伯叔」同時蓋住伯龢叔兩個位置,是群稱不是異名
高外祖父	外曾外曾毑父	exclude	high	另一種構詞方案下的算出形,非查得詞(K16:算得出的不進數據層)
高外祖父	高外翁	exclude	high	mumuy 以「祖輩詞 + 丈人/丈母/公/婆」拼接,非實際稱呼
外玄孙子	外膀孙	exclude	high	mumuy 合成或深層拼接,非實際稱呼
外曾孙女	外息女	exclude	high	mumuy 的「息」系結構標籤,非稱呼
岳伯曾祖父	伯曾祖公父	exclude	high	mumuy 以「祖輩詞 + 丈人/丈母/公/婆」拼接,非實際稱呼
岳伯曾祖父	伯曾祖公	exclude	high	mumuy 合成或深層拼接,非實際稱呼
岳伯曾祖父	太伯翁	exclude	high	mumuy 以「祖輩詞 + 丈人/丈母/公/婆」拼接,非實際稱呼
岳伯曾祖母	伯曾祖婆母	exclude	high	mumuy 以「祖輩詞 + 丈人/丈母/公/婆」拼接,非實際稱呼
岳伯曾祖母	伯曾祖婆	exclude	high	mumuy 合成或深層拼接,非實際稱呼
岳伯曾祖母	太姆婆	exclude	high	mumuy 合成或深層拼接,非實際稱呼
岳叔曾祖父	叔曾祖公父	exclude	high	mumuy 以「祖輩詞 + 丈人/丈母/公/婆」拼接,非實際稱呼
岳叔曾祖父	叔曾祖公	exclude	high	mumuy 合成或深層拼接,非實際稱呼
岳叔曾祖父	太叔翁	exclude	high	mumuy 以「祖輩詞 + 丈人/丈母/公/婆」拼接,非實際稱呼
外曾孙子	外息仔	exclude	high	mumuy 的「息」系結構標籤,非稱呼
外玄孙女	外膀孙女	exclude	high	mumuy 合成或深層拼接,非實際稱呼
岳叔曾祖母	叔曾祖婆母	exclude	high	mumuy 以「祖輩詞 + 丈人/丈母/公/婆」拼接,非實際稱呼
岳叔曾祖母	叔曾祖婆	exclude	high	mumuy 合成或深層拼接,非實際稱呼
岳叔曾祖母	太婶婆	exclude	high	mumuy 合成或深層拼接,非實際稱呼
高外祖母	外曾外曾毑母	exclude	high	另一種構詞方案下的算出形,非查得詞(K16:算得出的不進數據層)
晜孙子	六世孙	exclude	high	世系標籤,非稱呼語
姨岳母	姨婆母	exclude	high	mumuy 以「祖輩詞 + 丈人/丈母/公/婆」拼接,非實際稱呼
姨岳母	姨婆婆	exclude	high	mumuy 合成或深層拼接,非實際稱呼
姨岳父	姨公父	exclude	high	mumuy 以「祖輩詞 + 丈人/丈母/公/婆」拼接,非實際稱呼
姨岳父	姨公公	exclude	high	mumuy 合成或深層拼接,非實際稱呼
舅岳父	舅公父	exclude	high	mumuy 以「祖輩詞 + 丈人/丈母/公/婆」拼接,非實際稱呼
舅岳父	舅公公	exclude	high	mumuy 合成或深層拼接,非實際稱呼
玄孙女	膀孙女	exclude	high	mumuy 合成或深層拼接,非實際稱呼
来孙子	五世孙	exclude	high	世系標籤,非稱呼語
外高外祖母	曾外曾祖毑母	exclude	high	另一種構詞方案下的算出形,非查得詞(K16:算得出的不進數據層)
外曾外曾外祖母	高毑母	exclude	high	mumuy 合成或深層拼接,非實際稱呼
外曾外曾外祖父	高毑父	exclude	high	mumuy 合成或深層拼接,非實際稱呼
外曾外曾祖母	高外毑母	exclude	high	mumuy 合成或深層拼接,非實際稱呼
外曾外曾祖父	高外毑父	exclude	high	mumuy 合成或深層拼接,非實際稱呼
曾外孙女	外息女	exclude	high	mumuy 的「息」系結構標籤,非稱呼
曾外孙子	外息仔	exclude	high	mumuy 的「息」系結構標籤,非稱呼
外高外祖父	曾外曾祖毑父	exclude	high	另一種構詞方案下的算出形,非查得詞(K16:算得出的不進數據層)
外高祖母	曾外曾外毑母	exclude	high	另一種構詞方案下的算出形,非查得詞(K16:算得出的不進數據層)
外高祖父	曾外曾外毑父	exclude	high	另一種構詞方案下的算出形,非查得詞(K16:算得出的不進數據層)
岳姑曾祖父	姑曾祖公父	exclude	high	mumuy 以「祖輩詞 + 丈人/丈母/公/婆」拼接,非實際稱呼
岳姑曾祖父	姑曾祖婆	exclude	high	mumuy 合成或深層拼接,非實際稱呼
外曾外孙子	外息仔	exclude	high	mumuy 的「息」系結構標籤,非稱呼
内侄女	叔侄女	exclude	high	mumuy 合成或深層拼接,非實際稱呼
姑甥	姨甥	exclude	high	mumuy 合成或深層拼接,非實際稱呼
姑甥女	姨甥女	exclude	high	mumuy 合成或深層拼接,非實際稱呼
外曾外孙女	外息女	exclude	high	mumuy 的「息」系結構標籤,非稱呼
岳姑曾祖母	姑曾祖婆母	exclude	high	mumuy 以「祖輩詞 + 丈人/丈母/公/婆」拼接,非實際稱呼
岳姑曾祖母	姑曾祖婆	exclude	high	mumuy 合成或深層拼接,非實際稱呼
曾外曾外祖母	外高毑母	exclude	high	mumuy 合成或深層拼接,非實際稱呼
曾外曾外祖父	外高毑父	exclude	high	mumuy 合成或深層拼接,非實際稱呼
曾外曾祖母	外高外毑母	exclude	high	mumuy 合成的深層毑系拼接
曾外曾祖父	外高外毑父	exclude	high	mumuy 合成的深層毑系拼接
外玄外孙女	外曾外曾外孙女	exclude	high	另一種構詞方案下的算出形,非查得詞(K16:算得出的不進數據層)
外玄孙媳	外曾外曾孙媳妇	exclude	high	另一種構詞方案下的算出形,非查得詞(K16:算得出的不進數據層)
外玄外孙子	外曾外曾外孙	exclude	high	另一種構詞方案下的算出形,非查得詞(K16:算得出的不進數據層)
外玄外孙媳	外曾外曾外孙媳妇	exclude	high	另一種構詞方案下的算出形,非查得詞(K16:算得出的不進數據層)
外玄孙女	外曾外曾孙女	exclude	high	另一種構詞方案下的算出形,非查得詞(K16:算得出的不進數據層)
外玄孙婿	外曾外曾孙女婿	exclude	high	另一種構詞方案下的算出形,非查得詞(K16:算得出的不進數據層)
外玄孙子	外曾外曾孙	exclude	high	另一種構詞方案下的算出形,非查得詞(K16:算得出的不進數據層)
外玄外孙婿	外曾外曾外孙女婿	exclude	high	另一種構詞方案下的算出形,非查得詞(K16:算得出的不進數據層)
叔高祖母	伯叔高祖母	exclude	high	「伯叔」同時蓋住伯龢叔兩個位置,是群稱不是異名
伯曾祖父	伯叔曾祖父	exclude	high	「伯叔」同時蓋住伯龢叔兩個位置,是群稱不是異名
堂伯祖父	堂伯叔祖父	exclude	high	「伯叔」同時蓋住伯龢叔兩個位置,是群稱不是異名
堂伯祖母	堂伯叔祖母	exclude	high	「伯叔」同時蓋住伯龢叔兩個位置,是群稱不是異名
伯曾祖母	伯叔曾祖母	exclude	high	「伯叔」同時蓋住伯龢叔兩個位置,是群稱不是異名
叔曾祖父	伯叔曾祖父	exclude	high	「伯叔」同時蓋住伯龢叔兩個位置,是群稱不是異名
堂叔祖父	堂伯叔祖父	exclude	high	「伯叔」同時蓋住伯龢叔兩個位置,是群稱不是異名
堂叔祖母	堂伯叔祖母	exclude	high	「伯叔」同時蓋住伯龢叔兩個位置,是群稱不是異名
叔曾祖母	伯叔曾祖母	exclude	high	「伯叔」同時蓋住伯龢叔兩個位置,是群稱不是異名
外玄外孙媳	外玄外孙媳妇	exclude	high	mumuy 合成或深層拼接,非實際稱呼
伯高祖父	伯叔高祖父	exclude	high	「伯叔」同時蓋住伯龢叔兩個位置,是群稱不是異名
伯高祖母	伯叔高祖母	exclude	high	「伯叔」同時蓋住伯龢叔兩個位置,是群稱不是異名
叔高祖父	伯叔高祖父	exclude	high	「伯叔」同時蓋住伯龢叔兩個位置,是群稱不是異名
来外孙婿	来外孙女婿	exclude	high	mumuy 合成或深層拼接,非實際稱呼
来外孙子	来外孙	exclude	high	mumuy 合成或深層拼接,非實際稱呼
来外孙媳	来外孙媳妇	exclude	high	mumuy 合成或深層拼接,非實際稱呼
晜外孙婿	晜外孙女婿	exclude	high	mumuy 合成或深層拼接,非實際稱呼
晜外孙子	晜外孙	exclude	high	mumuy 合成或深層拼接,非實際稱呼
晜外孙媳	晜外孙媳妇	exclude	high	mumuy 合成或深層拼接,非實際稱呼
玄外孙媳	玄外孙媳妇	exclude	high	mumuy 合成或深層拼接,非實際稱呼
玄外孙婿	玄外孙女婿	exclude	high	mumuy 合成或深層拼接,非實際稱呼
外玄外孙子	外玄外孙	exclude	high	mumuy 合成或深層拼接,非實際稱呼
外玄外孙婿	外玄外孙女婿	exclude	high	mumuy 合成或深層拼接,非實際稱呼
玄外孙女	曾外曾外孙女	exclude	high	另一種構詞方案下的算出形,非查得詞(K16:算得出的不進數據層)
玄外孙婿	曾外曾外孙女婿	exclude	high	另一種構詞方案下的算出形,非查得詞(K16:算得出的不進數據層)
玄外孙子	曾外曾外孙	exclude	high	另一種構詞方案下的算出形,非查得詞(K16:算得出的不進數據層)
玄外孙媳	曾外曾外孙媳妇	exclude	high	另一種構詞方案下的算出形,非查得詞(K16:算得出的不進數據層)
曾外孙婿	曾外孙女婿	exclude	high	另一種構詞方案下的算出形,非查得詞(K16:算得出的不進數據層)
玄孙女	曾外曾孙女	exclude	high	另一種構詞方案下的算出形,非查得詞(K16:算得出的不進數據層)
玄孙婿	曾外曾孙女婿	exclude	high	另一種構詞方案下的算出形,非查得詞(K16:算得出的不進數據層)
玄孙子	曾外曾孙	exclude	high	另一種構詞方案下的算出形,非查得詞(K16:算得出的不進數據層)
玄孙媳	曾外曾孙媳妇	exclude	high	另一種構詞方案下的算出形,非查得詞(K16:算得出的不進數據層)
曾外孙媳	曾外孙媳妇	exclude	high	另一種構詞方案下的算出形,非查得詞(K16:算得出的不進數據層)
玄外孙子	玄外孙	exclude	high	mumuy 合成或深層拼接,非實際稱呼
