table_row_number	source_sheet_row_numbers	raw_key_set	chain_selector_set	chain_symbol_path	mumuy_primary_term_candidates	mumuy_term_set	our_official_or_fallback_male	our_daily_folk_1st_candidate_male	our_daily_folk_others_male	our_is_exact_match_male	our_official_or_fallback_female	our_daily_folk_1st_candidate_female	our_daily_folk_others_female	our_is_exact_match_female	notes
1	2		(self)	(self)	自己	自己 | 我 | 俺 | 吾 | 本人 | 在下	自己	自己		True	自己	自己		True	Self row
2	499	d	d	D	女儿	女儿 | 千金 | 小姐 | 掌上明珠 | 息女 | 闺女 | 囡囡 | 囡女 | 囡儿 | 乖囡 | 囡嗯 | 丫头 | 姑娘 | 妮子 | 女亲 | 长女 | 次女 | 幼女 | 女 | 阿女 | 女女	女兒	女兒		True	女兒	女兒		True	
3	535	d,d	d,d	D.D	外孙女	外孙女 | 外孙囡 | 外孙女儿	自己→第2代晚輩(女系女)	外孫女		True	自己→第2代晚輩(女系女)	外孫女		True	
4	543	d,d,d	d,d,d	D.D.D	外曾外孙女	外曾外孙女 | 外息女	自己→第3代晚輩(女系女)	外曾外孫女		True	自己→第3代晚輩(女系女)	外曾外孫女		True	
5	547	d,d,d,d	d,d,d,d	D.D.D.D	外曾外曾外孙女	外曾外曾外孙女	自己→第4代晚輩(女系女)	外玄外孫女		True	自己→第4代晚輩(女系女)	外玄外孫女		True	
6	548	d,d,d,d,h	d,d,d,d,h	D.D.D.D.SP	外曾外曾外孙女婿	外曾外曾外孙女婿	自己→第4代晚輩(女系女)→配偶	外玄外孫婿		True	自己→第4代晚輩(女系女)→配偶	外玄外孫婿		True	
7	545	d,d,d,s	d,d,d,s	D.D.D.S	外曾外曾外孙	外曾外曾外孙	自己→第4代晚輩(女系男)	外玄外孫子		True	自己→第4代晚輩(女系男)	外玄外孫子		True	
8	546	d,d,d,s,w	d,d,d,s,w	D.D.D.S.SP	外曾外曾外孙媳妇	外曾外曾外孙媳妇	自己→第4代晚輩(女系男)→配偶	外玄外孫媳		True	自己→第4代晚輩(女系男)→配偶	外玄外孫媳		True	
9	544	d,d,d,h	d,d,d,h	D.D.D.SP	外曾外孙女婿	外曾外孙女婿	自己→第3代晚輩(女系女)→配偶	外曾外孫婿		True	自己→第3代晚輩(女系女)→配偶	外曾外孫婿		True	
10	537	d,d,s	d,d,s	D.D.S	外曾外孙	外曾外孙 | 外息仔	自己→第3代晚輩(女系男)	外曾外孫子		True	自己→第3代晚輩(女系男)	外曾外孫子		True	
11	541	d,d,s,d	d,d,s,d	D.D.S.D	外曾外曾孙女	外曾外曾孙女	自己→第4代晚輩(女系女)	外玄孫女		True	自己→第4代晚輩(女系女)	外玄孫女		True	
12	542	d,d,s,d,h	d,d,s,d,h	D.D.S.D.SP	外曾外曾孙女婿	外曾外曾孙女婿	自己→第4代晚輩(女系女)→配偶	外玄孫婿		True	自己→第4代晚輩(女系女)→配偶	外玄孫婿		True	
13	539	d,d,s,s	d,d,s,s	D.D.S.S	外曾外曾孙	外曾外曾孙	自己→第4代晚輩(女系男)	外玄孫子		True	自己→第4代晚輩(女系男)	外玄孫子		True	
14	540	d,d,s,s,w	d,d,s,s,w	D.D.S.S.SP	外曾外曾孙媳妇	外曾外曾孙媳妇	自己→第4代晚輩(女系男)→配偶	外玄孫媳		True	自己→第4代晚輩(女系男)→配偶	外玄孫媳		True	
15	538	d,d,s,w	d,d,s,w	D.D.S.SP	外曾外孙媳妇	外曾外孙媳妇	自己→第3代晚輩(女系男)→配偶	外曾外孫媳		True	自己→第3代晚輩(女系男)→配偶	外曾外孫媳		True	
16	536	d,d,h	d,d,h	D.D.SP	外孙女婿	外孙女婿 | 外孙婿 | 外孙郎	自己→第2代晚輩(女系女)→配偶	外孫婿		True	自己→第2代晚輩(女系女)→配偶	外孫婿		True	
17	521	d,s	d,s	D.S	外孙	外孙 | 外孙子 | 外孙儿	自己→第2代晚輩(女系男)	外孫 | 外孫子		True	自己→第2代晚輩(女系男)	外孫 | 外孫子		True	
18	529	d,s,d	d,s,d	D.S.D	外曾孙女	外曾孙女 | 重外孙女 | 外息女	自己→第3代晚輩(女系女)	外曾孫女		True	自己→第3代晚輩(女系女)	外曾孫女		True	
19	533	d,s,d,d	d,s,d,d	D.S.D.D	外玄外孙女	外玄外孙女	自己→第4代晚輩(女系女)	外玄外孫女		True	自己→第4代晚輩(女系女)	外玄外孫女		True	
20	534	d,s,d,d,h	d,s,d,d,h	D.S.D.D.SP	外玄外孙女婿	外玄外孙女婿	自己→第4代晚輩(女系女)→配偶	外玄外孫婿		True	自己→第4代晚輩(女系女)→配偶	外玄外孫婿		True	
21	531	d,s,d,s	d,s,d,s	D.S.D.S	外玄外孙	外玄外孙	自己→第4代晚輩(女系男)	外玄外孫子		True	自己→第4代晚輩(女系男)	外玄外孫子		True	
22	532	d,s,d,s,w	d,s,d,s,w	D.S.D.S.SP	外玄外孙媳妇	外玄外孙媳妇	自己→第4代晚輩(女系男)→配偶	外玄外孫媳		True	自己→第4代晚輩(女系男)→配偶	外玄外孫媳		True	
23	530	d,s,d,h	d,s,d,h	D.S.D.SP	外曾孙女婿	外曾孙女婿 | 重外孙女婿	自己→第3代晚輩(女系女)→配偶	外曾孫婿		True	自己→第3代晚輩(女系女)→配偶	外曾孫婿		True	
24	523	d,s,s	d,s,s	D.S.S	外曾孙	外曾孙 | 重外孙 | 外息仔	自己→第3代晚輩(女系男)	外曾孫子		True	自己→第3代晚輩(女系男)	外曾孫子		True	
25	527	d,s,s,d	d,s,s,d	D.S.S.D	外玄孙女	外玄孙女 | 外元孙女 | 外膀孙女	自己→第4代晚輩(女系女)	外玄孫女		True	自己→第4代晚輩(女系女)	外玄孫女		True	
26	528	d,s,s,d,h	d,s,s,d,h	D.S.S.D.SP	外玄孙女婿	外玄孙女婿	自己→第4代晚輩(女系女)→配偶	外玄孫婿		True	自己→第4代晚輩(女系女)→配偶	外玄孫婿		True	
27	525	d,s,s,s	d,s,s,s	D.S.S.S	外玄孙	外玄孙 | 外元孙 | 外膀孙	自己→第4代晚輩(女系男)	外玄孫子		True	自己→第4代晚輩(女系男)	外玄孫子		True	
28	526	d,s,s,s,w	d,s,s,s,w	D.S.S.S.SP	外玄孙媳妇	外玄孙媳妇	自己→第4代晚輩(女系男)→配偶	外玄孫媳		True	自己→第4代晚輩(女系男)→配偶	外玄孫媳		True	
29	524	d,s,s,w	d,s,s,w	D.S.S.SP	外曾孙媳妇	外曾孙媳妇 | 外曾孙妇	自己→第3代晚輩(女系男)→配偶	外曾孫媳		True	自己→第3代晚輩(女系男)→配偶	外曾孫媳		True	
30	522	d,s,w	d,s,w	D.S.SP	外孙媳妇	外孙媳妇 | 外孙妇 | 外孙新妇	自己→第2代晚輩(女系男)→配偶	外孫媳		True	自己→第2代晚輩(女系男)→配偶	外孫媳		True	
31	500	d,h	d,h	D.SP	女婿	女婿 | 姑爷 | 姑爷儿 | 女婿子 | 女婿儿 | 儿婿 | 子婿 | 息婿 | 小婿 | 快婿 | 郎婿 | 郎婿子 | 息婿儿 | 囝婿 | 囡婿 | 东床 | 半子 | 甥馆 | 女夫	自己→第1代晚輩(女系女)→配偶	女婿		True	自己→第1代晚輩(女系女)→配偶	女婿		True	
32	501	d,h,f	d,h,f	D.SP.F	亲家公	亲家公	子女的配偶的父母	親家公		True	子女的配偶的父母	親家公		True	
33	502 | 503	d,h,f,f&o | d,h,f,f&l	d,h,f,f	D.SP.F.F	姻伯 | 姻叔	姻伯 | 姻叔	女的配偶的父的父	女的配偶的父的父		False	女的配偶的父的父	女的配偶的父的父		False	
34	504	d,h,m	d,h,m	D.SP.M	亲家母	亲家母	子女的配偶的父母	親家母		True	子女的配偶的父母	親家母		True	
35	505	d,h,xb	d,h,xb	D.SP.OB	姻侄	姻侄 | 世侄	子女的配偶的兄弟姐妹	姻姪		True	子女的配偶的兄弟姐妹	姻姪		True	
36	511	d,h,xb,d	d,h,xb,d	D.SP.OB.D	姻侄孙女	姻侄孙女	女的配偶的兄的女	女的配偶的兄的女		False	女的配偶的兄的女	女的配偶的兄的女		False	
37	509	d,h,xb,s	d,h,xb,s	D.SP.OB.S	姻侄孙	姻侄孙	女的配偶的兄的子	女的配偶的兄的子		False	女的配偶的兄的子	女的配偶的兄的子		False	
38	507	d,h,xb,w	d,h,xb,w	D.SP.OB.SP	姻侄媳	姻侄媳	女的配偶的兄的配偶	女的配偶的兄的配偶		False	女的配偶的兄的配偶	女的配偶的兄的配偶		False	
39	513	d,h,xs	d,h,xs	D.SP.OS	姻侄女	姻侄女	子女的配偶的兄弟姐妹	姻姪女		True	子女的配偶的兄弟姐妹	姻姪女		True	
40	519	d,h,xs,d	d,h,xs,d	D.SP.OS.D	姻侄外孙女	姻侄外孙女	女的配偶的姐的女	女的配偶的姐的女		False	女的配偶的姐的女	女的配偶的姐的女		False	
41	517	d,h,xs,s	d,h,xs,s	D.SP.OS.S	姻侄外孙	姻侄外孙	女的配偶的姐的子	女的配偶的姐的子		False	女的配偶的姐的子	女的配偶的姐的子		False	
42	515	d,h,xs,h	d,h,xs,h	D.SP.OS.SP	姻侄婿	姻侄婿	女的配偶的姐的配偶	女的配偶的姐的配偶		False	女的配偶的姐的配偶	女的配偶的姐的配偶		False	
43	506	d,h,xb	d,h,xb	D.SP.YB	姻侄	姻侄 | 世侄	子女的配偶的兄弟姐妹	姻姪		True	子女的配偶的兄弟姐妹	姻姪		True	
44	512	d,h,xb,d	d,h,xb,d	D.SP.YB.D	姻侄孙女	姻侄孙女	女的配偶的弟的女	女的配偶的弟的女		False	女的配偶的弟的女	女的配偶的弟的女		False	
45	510	d,h,xb,s	d,h,xb,s	D.SP.YB.S	姻侄孙	姻侄孙	女的配偶的弟的子	女的配偶的弟的子		False	女的配偶的弟的子	女的配偶的弟的子		False	
46	508	d,h,xb,w	d,h,xb,w	D.SP.YB.SP	姻侄媳	姻侄媳	女的配偶的弟的配偶	女的配偶的弟的配偶		False	女的配偶的弟的配偶	女的配偶的弟的配偶		False	
47	514	d,h,xs	d,h,xs	D.SP.YS	姻侄女	姻侄女	子女的配偶的兄弟姐妹	姻姪女		True	子女的配偶的兄弟姐妹	姻姪女		True	
48	520	d,h,xs,d	d,h,xs,d	D.SP.YS.D	姻侄外孙女	姻侄外孙女	女的配偶的妹的女	女的配偶的妹的女		False	女的配偶的妹的女	女的配偶的妹的女		False	
49	518	d,h,xs,s	d,h,xs,s	D.SP.YS.S	姻侄外孙	姻侄外孙	女的配偶的妹的子	女的配偶的妹的子		False	女的配偶的妹的子	女的配偶的妹的子		False	
50	516	d,h,xs,h	d,h,xs,h	D.SP.YS.SP	姻侄婿	姻侄婿	女的配偶的妹的配偶	女的配偶的妹的配偶		False	女的配偶的妹的配偶	女的配偶的妹的配偶		False	
51	83	f	f	F	爸爸	爸爸 | 父亲 | 老父亲 | 老爸 | 阿爸 | 阿父 | 阿爹 | 老窦 | 爹地 | 依爹 | 老爹 | 老汉 | 老爷子 | 老子 | 牙老子 | 爸 | 父 | 爹 | 老汉儿 | 牙老倌 | 爸比 | 爹爹 | 爹啲 | 一世祖	父親	父親		True	父親	父親		True	
52	43	f,f	f,f	F.F	爷爷	爷爷 | 祖父 | 祖公 | 阿爷 | 阿公 | 奶爹 | 亚爷 | 亚公 | 依爷 | 大父 | 祖翁 | 嗲嗲 | 爷 | 祖君 | 奶爷 | 爷儿 | 爷老 | 爷老子 | 爷老倌 | 二世祖	自己→第2代祖輩(父系男)	爺爺 | 祖父		True	自己→第2代祖輩(父系男)	爺爺 | 祖父		True	
53	35	f,f,f	f,f,f	F.F.F	曾祖父	曾祖父 | 曾祖 | 外曾外毑父 | 太公 | 太爷 | 老太爷 | 太翁 | 太爷爷 | 曾爷爷 | 公太 | 佬嗲 | 祖爷 | 三世祖	自己→第3代祖輩(父系男)	太爺爺 | 太公|曾祖父		True	自己→第3代祖輩(父系男)	太爺爺 | 太公|曾祖父		True	
54	19	f,f,f,f	f,f,f,f	F.F.F.F	高祖父	高祖父 | 外曾外曾外毑父 | 曾曾祖父 | 祖太公 | 祖太爷 | 高太爷 | 祖太翁 | 祖太爷爷 | 四世祖	自己→第4代祖輩(父系男)	高祖父		True	自己→第4代祖輩(父系男)	高祖父		True	
55	17	f,f,f,f,f	f,f,f,f,f	F.F.F.F.F	天祖父	天祖父 | 天太爷 | 五世祖	自己→第5代祖輩(父系男)	天祖父		True	自己→第5代祖輩(父系男)	天祖父		True	
56	15	f,f,f,f,f,f	f,f,f,f,f,f	F.F.F.F.F.F	烈祖父	烈祖父 | 烈太爷 | 六世祖	自己→第6代祖輩(父系男)	烈祖父		True	自己→第6代祖輩(父系男)	烈祖父		True	
57	13	f,f,f,f,f,f,f	f,f,f,f,f,f,f	F.F.F.F.F.F.F	太祖父	太祖父 | 太太爷 | 七世祖	自己→第7代祖輩(父系男)	太祖父		True	自己→第7代祖輩(父系男)	太祖父		True	
58	11	f,f,f,f,f,f,f,f	f,f,f,f,f,f,f,f	F.F.F.F.F.F.F.F	远祖父	远祖父 | 远太爷 | 八世祖	自己→第8代祖輩(父系男)	遠祖父		True	自己→第8代祖輩(父系男)	遠祖父		True	
59	9	f,f,f,f,f,f,f,f,f	f,f,f,f,f,f,f,f,f	F.F.F.F.F.F.F.F.F	鼻祖父	鼻祖父 | 鼻太爷 | 九世祖	自己→第9代祖輩(父系男)	鼻祖父		True	自己→第9代祖輩(父系男)	鼻祖父		True	
60	7	f,f,f,f,f,f,f,f,f,f	f,f,f,f,f,f,f,f,f,f	F.F.F.F.F.F.F.F.F.F	开祖父	开祖父 | 开太爷 | 十世祖	自己→第10代祖輩(父系男)	開祖父		True	自己→第10代祖輩(父系男)	開祖父		True	
61	5	f,f,f,f,f,f,f,f,f,f,f	f,f,f,f,f,f,f,f,f,f,f	F.F.F.F.F.F.F.F.F.F.F	始祖父	始祖父 | 始太爷 | 十一世祖	自己→第11代祖輩(父系男)	始祖父		True	自己→第11代祖輩(父系男)	始祖父		True	
62	3	f,f,f,f,f,f,f,f,f,f,f,f	f,f,f,f,f,f,f,f,f,f,f,f	F.F.F.F.F.F.F.F.F.F.F.F	先祖父	先祖父 | 先太爷 | 十二世祖	自己→第12代祖輩(父系男)	先祖父		True	自己→第12代祖輩(父系男)	先祖父		True	
63	4	f,f,f,f,f,f,f,f,f,f,f,m	f,f,f,f,f,f,f,f,f,f,f,m	F.F.F.F.F.F.F.F.F.F.F.M	先祖母	先祖母 | 先太奶	自己→第12代祖輩(父系女)	先祖母		True	自己→第12代祖輩(父系女)	先祖母		True	
64	6	f,f,f,f,f,f,f,f,f,f,m	f,f,f,f,f,f,f,f,f,f,m	F.F.F.F.F.F.F.F.F.F.M	始祖母	始祖母 | 始太奶	自己→第11代祖輩(父系女)	始祖母		True	自己→第11代祖輩(父系女)	始祖母		True	
65	8	f,f,f,f,f,f,f,f,f,m	f,f,f,f,f,f,f,f,f,m	F.F.F.F.F.F.F.F.F.M	开祖母	开祖母 | 开太奶	自己→第10代祖輩(父系女)	開祖母		True	自己→第10代祖輩(父系女)	開祖母		True	
66	10	f,f,f,f,f,f,f,f,m	f,f,f,f,f,f,f,f,m	F.F.F.F.F.F.F.F.M	鼻祖母	鼻祖母 | 鼻太奶	自己→第9代祖輩(父系女)	鼻祖母		True	自己→第9代祖輩(父系女)	鼻祖母		True	
67	12	f,f,f,f,f,f,f,m	f,f,f,f,f,f,f,m	F.F.F.F.F.F.F.M	远祖母	远祖母 | 远太奶	自己→第8代祖輩(父系女)	遠祖母		True	自己→第8代祖輩(父系女)	遠祖母		True	
68	14	f,f,f,f,f,f,m	f,f,f,f,f,f,m	F.F.F.F.F.F.M	太祖母	太祖母 | 太太奶	自己→第7代祖輩(父系女)	太祖母		True	自己→第7代祖輩(父系女)	太祖母		True	
69	16	f,f,f,f,f,m	f,f,f,f,f,m	F.F.F.F.F.M	烈祖母	烈祖母 | 烈太奶	自己→第6代祖輩(父系女)	烈祖母		True	自己→第6代祖輩(父系女)	烈祖母		True	
70	18	f,f,f,f,m	f,f,f,f,m	F.F.F.F.M	天祖母	天祖母 | 天太奶	自己→第5代祖輩(父系女)	天祖母		True	自己→第5代祖輩(父系女)	天祖母		True	
71	194	f,f,f,f,xb	f,f,f,f,xb	F.F.F.F.OB	伯叔高祖父	伯叔高祖父	自己→第4代祖輩(父系入線)→兄弟姐妹(男)	伯高祖父	伯公 | 伯祖父	True	自己→第4代祖輩(父系入線)→兄弟姐妹(男)	伯高祖父	伯公 | 伯祖父	True	
72	198	f,f,f,f,xb,s	f,f,f,f,xb,s	F.F.F.F.OB.S	堂伯叔曾祖父	堂伯叔曾祖父	自己→第4代祖輩(父系)分支→第3代長輩	堂伯曾祖父	堂伯	True	自己→第4代祖輩(父系)分支→第3代長輩	堂伯曾祖父	堂伯	True	
73	202	f,f,f,f,xb,s,s	f,f,f,f,xb,s,s	F.F.F.F.OB.S.S	从伯叔祖父	从伯叔祖父	自己→第4代祖輩(父系)分支→第2代長輩	從伯祖父	從堂兄	True	自己→第4代祖輩(父系)分支→第2代長輩	從伯祖父	從堂兄	True	
74	206 | 210 | 214	f,f,f,f,xb,s,s,s&o | f,f,f,f,xb,s,s,s&l | f,f,f,f,xb,s,s,s	f,f,f,f,xb,s,s,s	F.F.F.F.OB.S.S.S	族伯父 | 族叔父 | 族伯叔父	族伯父 | 族叔父 | 族伯叔父 | 三从父 | 族父	自己→第4代祖輩(父系)分支→第1代長輩	族伯	從堂姪子	True	自己→第4代祖輩(父系)分支→第1代長輩	族伯	從堂姪子	True	
75	208 | 212 | 216	f,f,f,f,xb,s,s,s&o,w | f,f,f,f,xb,s,s,s&l,w | f,f,f,f,xb,s,s,s,w	f,f,f,f,xb,s,s,s,w	F.F.F.F.OB.S.S.S.SP	族伯母 | 族叔母 | 族伯叔母	族伯母 | 族叔母 | 族伯叔母 | 三从母 | 族母	自己→第4代祖輩(父系)分支→第1代長輩→配偶	族伯母	從堂姪媳	True	自己→第4代祖輩(父系)分支→第1代長輩→配偶	族伯母	從堂姪媳	True	
76	204	f,f,f,f,xb,s,s,w	f,f,f,f,xb,s,s,w	F.F.F.F.OB.S.S.SP	从伯叔祖母	从伯叔祖母	自己→第4代祖輩(父系)分支→第2代長輩→配偶	從伯祖母	堂嫂	True	自己→第4代祖輩(父系)分支→第2代長輩→配偶	從伯祖母	堂嫂	True	
77	200	f,f,f,f,xb,s,w	f,f,f,f,xb,s,w	F.F.F.F.OB.S.SP	堂伯叔曾祖母	堂伯叔曾祖母	自己→第4代祖輩(父系)分支→第3代長輩→配偶	堂伯曾祖母	堂伯母	True	自己→第4代祖輩(父系)分支→第3代長輩→配偶	堂伯曾祖母	堂伯母	True	
78	196	f,f,f,f,xb,w	f,f,f,f,xb,w	F.F.F.F.OB.SP	伯叔高祖母	伯叔高祖母	自己→第4代祖輩(父系入線)→兄弟姐妹(女)→配偶	伯高祖母	伯婆 | 伯祖母	True	自己→第4代祖輩(父系入線)→兄弟姐妹(女)→配偶	伯高祖母	伯婆 | 伯祖母	True	
79	195	f,f,f,f,xb	f,f,f,f,xb	F.F.F.F.YB	伯叔高祖父	伯叔高祖父	自己→第4代祖輩(父系入線)→兄弟姐妹(男)	叔高祖父	叔公 | 叔祖父	True	自己→第4代祖輩(父系入線)→兄弟姐妹(男)	叔高祖父	叔公 | 叔祖父	True	
80	199	f,f,f,f,xb,s	f,f,f,f,xb,s	F.F.F.F.YB.S	堂伯叔曾祖父	堂伯叔曾祖父	自己→第4代祖輩(父系)分支→第3代長輩	堂叔曾祖父	堂叔	True	自己→第4代祖輩(父系)分支→第3代長輩	堂叔曾祖父	堂叔	True	
81	203	f,f,f,f,xb,s,s	f,f,f,f,xb,s,s	F.F.F.F.YB.S.S	从伯叔祖父	从伯叔祖父	自己→第4代祖輩(父系)分支→第2代長輩	從叔祖父	從堂弟	True	自己→第4代祖輩(父系)分支→第2代長輩	從叔祖父	從堂弟	True	
82	207 | 211 | 215	f,f,f,f,xb,s,s,s&o | f,f,f,f,xb,s,s,s&l | f,f,f,f,xb,s,s,s	f,f,f,f,xb,s,s,s	F.F.F.F.YB.S.S.S	族伯父 | 族叔父 | 族伯叔父	族伯父 | 族叔父 | 族伯叔父 | 三从父 | 族父	自己→第4代祖輩(父系)分支→第1代長輩	族叔	從堂姪子	True	自己→第4代祖輩(父系)分支→第1代長輩	族叔	從堂姪子	True	
83	209 | 213 | 217	f,f,f,f,xb,s,s,s&o,w | f,f,f,f,xb,s,s,s&l,w | f,f,f,f,xb,s,s,s,w	f,f,f,f,xb,s,s,s,w	F.F.F.F.YB.S.S.S.SP	族伯母 | 族叔母 | 族伯叔母	族伯母 | 族叔母 | 族伯叔母 | 三从母 | 族母	自己→第4代祖輩(父系)分支→第1代長輩→配偶	族嬸	從堂姪媳	True	自己→第4代祖輩(父系)分支→第1代長輩→配偶	族嬸	從堂姪媳	True	
84	205	f,f,f,f,xb,s,s,w	f,f,f,f,xb,s,s,w	F.F.F.F.YB.S.S.SP	从伯叔祖母	从伯叔祖母	自己→第4代祖輩(父系)分支→第2代長輩→配偶	從叔祖母	堂弟媳	True	自己→第4代祖輩(父系)分支→第2代長輩→配偶	從叔祖母	堂弟媳	True	
85	201	f,f,f,f,xb,s,w	f,f,f,f,xb,s,w	F.F.F.F.YB.S.SP	堂伯叔曾祖母	堂伯叔曾祖母	自己→第4代祖輩(父系)分支→第3代長輩→配偶	堂叔曾祖母	堂嬸	True	自己→第4代祖輩(父系)分支→第3代長輩→配偶	堂叔曾祖母	堂嬸	True	
86	197	f,f,f,f,xb,w	f,f,f,f,xb,w	F.F.F.F.YB.SP	伯叔高祖母	伯叔高祖母	自己→第4代祖輩(父系入線)→兄弟姐妹(女)→配偶	叔高祖母	叔婆 | 叔祖母	True	自己→第4代祖輩(父系入線)→兄弟姐妹(女)→配偶	叔高祖母	叔婆 | 叔祖母	True	
87	20	f,f,f,m	f,f,f,m	F.F.F.M	高祖母	高祖母 | 外曾外曾外毑母 | 曾曾祖母 | 祖太婆 | 祖太奶 | 高太奶 | 祖太姆 | 祖太奶奶	自己→第4代祖輩(父系女)	高祖母		True	自己→第4代祖輩(父系女)	高祖母		True	
88	162	f,f,f,xb	f,f,f,xb	F.F.F.OB	伯叔曾祖父	伯叔曾祖父	自己→第3代祖輩(父系入線)→兄弟姐妹(男)	伯曾祖父	伯公 | 伯祖父	True	自己→第3代祖輩(父系入線)→兄弟姐妹(男)	伯曾祖父	伯公 | 伯祖父	True	
89	166	f,f,f,xb,s	f,f,f,xb,s	F.F.F.OB.S	堂伯叔祖父	堂伯叔祖父	自己→第3代祖輩(父系)分支→第2代長輩	堂伯祖父	堂伯	True	自己→第3代祖輩(父系)分支→第2代長輩	堂伯祖父	堂伯	True	
90	170 | 174 | 178	f,f,f,xb,s,s&o | f,f,f,xb,s,s&l | f,f,f,xb,s,s	f,f,f,xb,s,s	F.F.F.OB.S.S	从伯父 | 从叔父 | 从伯叔父	从伯父 | 从叔父 | 从伯叔父 | 再从父	自己→第3代祖輩(父系)分支→第1代長輩	從伯	從堂兄	True	自己→第3代祖輩(父系)分支→第1代長輩	從伯	從堂兄	True	
91	182 | 184	f,f,f,xb,s,s,s&o | f,f,f,xb,s,s,s&l	f,f,f,xb,s,s,s	F.F.F.OB.S.S.S	族兄 | 族弟	族兄 | 族弟	自己→旁系同輩(分家於第3代)	族兄	從堂姪子	True	自己→旁系同輩(分家於第3代)	族兄	從堂姪子	True	
92	186	f,f,f,xb,s,s,s,s	f,f,f,xb,s,s,s,s	F.F.F.OB.S.S.S.S	族侄	族侄 | 四从子 | 族子	自己→旁系(分家於第3代)→第1代晚輩	族姪子	從堂姪孫子	True	自己→旁系(分家於第3代)→第1代晚輩	族姪子	從堂姪孫子	True	
93	188	f,f,f,xb,s,s,s,s,s	f,f,f,xb,s,s,s,s,s	F.F.F.OB.S.S.S.S.S	族侄孙	族侄孙 | 四从孙 | 族孙	自己→旁系(分家於第3代)→第2代晚輩	族姪孫子	從堂姪曾孫子	True	自己→旁系(分家於第3代)→第2代晚輩	族姪孫子	從堂姪曾孫子	True	
94	190	f,f,f,xb,s,s,s,s,s,s	f,f,f,xb,s,s,s,s,s,s	F.F.F.OB.S.S.S.S.S.S	族侄曾孙	族侄曾孙 | 四曾孙 | 族曾孙	自己→旁系(分家於第3代)→第3代晚輩	族姪曾孫子	從堂姪玄孫子	True	自己→旁系(分家於第3代)→第3代晚輩	族姪曾孫子	從堂姪玄孫子	True	
95	192	f,f,f,xb,s,s,s,s,s,s,s	f,f,f,xb,s,s,s,s,s,s,s	F.F.F.OB.S.S.S.S.S.S.S	族侄玄孙	族侄玄孙 | 四玄孙 | 族玄孙	自己→旁系(分家於第3代)→第4代晚輩	族姪玄孫子	堂姪來孫子	True	自己→旁系(分家於第3代)→第4代晚輩	族姪玄孫子	堂姪來孫子	True	
96	172 | 176 | 180	f,f,f,xb,s,s&o,w | f,f,f,xb,s,s&l,w | f,f,f,xb,s,s,w	f,f,f,xb,s,s,w	F.F.F.OB.S.S.SP	从伯母 | 从叔母 | 从伯叔母	从伯母 | 从叔母 | 从伯叔母 | 再从母	自己→第3代祖輩(父系)分支→第1代長輩→配偶	從伯母	堂嫂	True	自己→第3代祖輩(父系)分支→第1代長輩→配偶	從伯母	堂嫂	True	
97	168	f,f,f,xb,s,w	f,f,f,xb,s,w	F.F.F.OB.S.SP	堂伯叔祖母	堂伯叔祖母	自己→第3代祖輩(父系)分支→第2代長輩→配偶	堂伯祖母	堂伯母	True	自己→第3代祖輩(父系)分支→第2代長輩→配偶	堂伯祖母	堂伯母	True	
98	164	f,f,f,xb,w	f,f,f,xb,w	F.F.F.OB.SP	伯叔曾祖母	伯叔曾祖母	自己→第3代祖輩(父系入線)→兄弟姐妹(女)→配偶	伯曾祖母	伯婆 | 伯祖母	True	自己→第3代祖輩(父系入線)→兄弟姐妹(女)→配偶	伯曾祖母	伯婆 | 伯祖母	True	
99	163	f,f,f,xb	f,f,f,xb	F.F.F.YB	伯叔曾祖父	伯叔曾祖父	自己→第3代祖輩(父系入線)→兄弟姐妹(男)	叔曾祖父	叔公 | 叔祖父	True	自己→第3代祖輩(父系入線)→兄弟姐妹(男)	叔曾祖父	叔公 | 叔祖父	True	
100	167	f,f,f,xb,s	f,f,f,xb,s	F.F.F.YB.S	堂伯叔祖父	堂伯叔祖父	自己→第3代祖輩(父系)分支→第2代長輩	堂叔祖父	堂叔	True	自己→第3代祖輩(父系)分支→第2代長輩	堂叔祖父	堂叔	True	
101	171 | 175 | 179	f,f,f,xb,s,s&o | f,f,f,xb,s,s&l | f,f,f,xb,s,s	f,f,f,xb,s,s	F.F.F.YB.S.S	从伯父 | 从叔父 | 从伯叔父	从伯父 | 从叔父 | 从伯叔父 | 再从父	自己→第3代祖輩(父系)分支→第1代長輩	從叔	從堂弟	True	自己→第3代祖輩(父系)分支→第1代長輩	從叔	從堂弟	True	
102	183 | 185	f,f,f,xb,s,s,s&o | f,f,f,xb,s,s,s&l	f,f,f,xb,s,s,s	F.F.F.YB.S.S.S	族兄 | 族弟	族兄 | 族弟	自己→旁系同輩(分家於第3代)	族弟	從堂姪子	True	自己→旁系同輩(分家於第3代)	族弟	從堂姪子	True	
103	187	f,f,f,xb,s,s,s,s	f,f,f,xb,s,s,s,s	F.F.F.YB.S.S.S.S	族侄	族侄 | 四从子 | 族子	自己→旁系(分家於第3代)→第1代晚輩	族姪子	從堂姪孫子	True	自己→旁系(分家於第3代)→第1代晚輩	族姪子	從堂姪孫子	True	
104	189	f,f,f,xb,s,s,s,s,s	f,f,f,xb,s,s,s,s,s	F.F.F.YB.S.S.S.S.S	族侄孙	族侄孙 | 四从孙 | 族孙	自己→旁系(分家於第3代)→第2代晚輩	族姪孫子	從堂姪曾孫子	True	自己→旁系(分家於第3代)→第2代晚輩	族姪孫子	從堂姪曾孫子	True	
105	191	f,f,f,xb,s,s,s,s,s,s	f,f,f,xb,s,s,s,s,s,s	F.F.F.YB.S.S.S.S.S.S	族侄曾孙	族侄曾孙 | 四曾孙 | 族曾孙	自己→旁系(分家於第3代)→第3代晚輩	族姪曾孫子	從堂姪玄孫子	True	自己→旁系(分家於第3代)→第3代晚輩	族姪曾孫子	從堂姪玄孫子	True	
106	193	f,f,f,xb,s,s,s,s,s,s,s	f,f,f,xb,s,s,s,s,s,s,s	F.F.F.YB.S.S.S.S.S.S.S	族侄玄孙	族侄玄孙 | 四玄孙 | 族玄孙	自己→旁系(分家於第3代)→第4代晚輩	族姪玄孫子	堂姪來孫子	True	自己→旁系(分家於第3代)→第4代晚輩	族姪玄孫子	堂姪來孫子	True	
107	173 | 177 | 181	f,f,f,xb,s,s&o,w | f,f,f,xb,s,s&l,w | f,f,f,xb,s,s,w	f,f,f,xb,s,s,w	F.F.F.YB.S.S.SP	从伯母 | 从叔母 | 从伯叔母	从伯母 | 从叔母 | 从伯叔母 | 再从母	自己→第3代祖輩(父系)分支→第1代長輩→配偶	從嬸	堂弟媳	True	自己→第3代祖輩(父系)分支→第1代長輩→配偶	從嬸	堂弟媳	True	
108	169	f,f,f,xb,s,w	f,f,f,xb,s,w	F.F.F.YB.S.SP	堂伯叔祖母	堂伯叔祖母	自己→第3代祖輩(父系)分支→第2代長輩→配偶	堂叔祖母	堂嬸	True	自己→第3代祖輩(父系)分支→第2代長輩→配偶	堂叔祖母	堂嬸	True	
109	165	f,f,f,xb,w	f,f,f,xb,w	F.F.F.YB.SP	伯叔曾祖母	伯叔曾祖母	自己→第3代祖輩(父系入線)→兄弟姐妹(女)→配偶	叔曾祖母	叔婆 | 叔祖母	True	自己→第3代祖輩(父系入線)→兄弟姐妹(女)→配偶	叔曾祖母	叔婆 | 叔祖母	True	
110	36	f,f,m	f,f,m	F.F.M	曾祖母	曾祖母 | 外曾外毑母 | 太婆 | 太奶 | 老太奶 | 太嬷 | 太姆 | 太奶奶 | 曾奶奶 | 婆太 | 老娭毑	自己→第3代祖輩(父系女)	太奶奶 | 太婆|曾祖母		True	自己→第3代祖輩(父系女)	太奶奶 | 太婆|曾祖母		True	
111	21	f,f,m,f	f,f,m,f	F.F.M.F	高外祖父	高外祖父 | 外曾外曾毑父 | 高外翁	自己→第4代祖輩(父系男)	高外祖父		True	自己→第4代祖輩(父系男)	高外祖父		True	
112	22	f,f,m,m	f,f,m,m	F.F.M.M	高外祖母	高外祖母 | 外曾外曾毑母 | 高外婆	自己→第4代祖輩(父系女)	高外祖母		True	自己→第4代祖輩(父系女)	高外祖母		True	
113	47	f,f,ob	f,f,ob	F.F.OB	伯公	伯公 | 伯祖 | 伯翁 | 大爷爷 | 大嗲 | 大爷 | 大公 | 大阿爷	自己→第2代祖輩(父系入線)→兄弟姐妹(男)	伯公 | 伯祖父		True	自己→第2代祖輩(父系入線)→兄弟姐妹(男)	伯公 | 伯祖父		True	
114	158	f,f,xb,d	f,f,xb,d	F.F.OB.D	堂姑	堂姑	自己→第2代祖輩(父系)分支→第1代長輩	堂姑		True	自己→第2代祖輩(父系)分支→第1代長輩	堂姑		True	
115	160	f,f,xb,d,h	f,f,xb,d,h	F.F.OB.D.SP	堂姑丈	堂姑丈	自己→第2代祖輩(父系)分支→第1代長輩→配偶	堂姑丈		True	自己→第2代祖輩(父系)分支→第1代長輩→配偶	堂姑丈		True	
116	134 | 138 | 142	f,f,xb,s&o | f,f,xb,s&l | f,f,xb,s	f,f,xb,s	F.F.OB.S	堂伯 | 堂叔 | 堂伯叔父	堂伯 | 堂叔 | 堂伯叔父 | 堂叔伯 | 从父	自己→第2代祖輩(父系)分支→第1代長輩	堂伯		True	自己→第2代祖輩(父系)分支→第1代長輩	堂伯		True	
117	146 | 148	f,f,xb,s,s&o | f,f,xb,s,s&l	f,f,xb,s,s	F.F.OB.S.S	从堂兄 | 从堂弟	从堂兄 | 从堂弟	自己→旁系同輩(分家於第2代)	從堂兄		True	自己→旁系同輩(分家於第2代)	從堂兄		True	
118	150	f,f,xb,s,s,s	f,f,xb,s,s,s	F.F.OB.S.S.S	从堂侄	从堂侄 | 三从子	自己→旁系(分家於第2代)→第1代晚輩	從堂姪子		True	自己→旁系(分家於第2代)→第1代晚輩	從堂姪子		True	
119	152	f,f,xb,s,s,s,s	f,f,xb,s,s,s,s	F.F.OB.S.S.S.S	从堂侄孙	从堂侄孙 | 三从孙	自己→旁系(分家於第2代)→第2代晚輩	從堂姪孫子		True	自己→旁系(分家於第2代)→第2代晚輩	從堂姪孫子		True	
120	154	f,f,xb,s,s,s,s,s	f,f,xb,s,s,s,s,s	F.F.OB.S.S.S.S.S	从堂侄曾孙	从堂侄曾孙 | 三曾孙	自己→旁系(分家於第2代)→第3代晚輩	從堂姪曾孫子		True	自己→旁系(分家於第2代)→第3代晚輩	從堂姪曾孫子		True	
121	156	f,f,xb,s,s,s,s,s,s	f,f,xb,s,s,s,s,s,s	F.F.OB.S.S.S.S.S.S	从堂侄玄孙	从堂侄玄孙 | 三玄孙	自己→旁系(分家於第2代)→第4代晚輩	從堂姪玄孫子		True	自己→旁系(分家於第2代)→第4代晚輩	從堂姪玄孫子		True	
122	136 | 140 | 144	f,f,xb,s&o,w | f,f,xb,s&l,w | f,f,xb,s,w	f,f,xb,s,w	F.F.OB.S.SP	堂伯母 | 堂婶 | 堂伯叔母	堂伯母 | 堂婶 | 堂伯叔母 | 从母	自己→第2代祖輩(父系)分支→第1代長輩→配偶	堂伯母		True	自己→第2代祖輩(父系)分支→第1代長輩→配偶	堂伯母		True	
123	48	f,f,ob,w	f,f,ob,w	F.F.OB.SP	伯婆	伯婆 | 姆婆 | 大奶奶 | 伯娭毑	自己→第2代祖輩(父系入線)→兄弟姐妹(女)→配偶	伯婆 | 伯祖母		True	自己→第2代祖輩(父系入線)→兄弟姐妹(女)→配偶	伯婆 | 伯祖母		True	
124	51	f,f,xs	f,f,xs	F.F.OS	姑奶奶	姑奶奶 | 祖姑 | 姑奶 | 恩婆 | 姑娭毑	自己→第2代祖輩(父系入線)→兄弟姐妹(女)	姑婆 | 姑祖母		True	自己→第2代祖輩(父系入線)→兄弟姐妹(女)	姑婆 | 姑祖母		True	
125	53	f,f,xs,h	f,f,xs,h	F.F.OS.SP	姑爷爷	姑爷爷 | 祖姑丈 | 恩爹 | 姑丈公 | 丈公	自己→第2代祖輩(父系入線)→兄弟姐妹(男)→配偶	姑丈公 | 姑祖父		True	自己→第2代祖輩(父系入線)→兄弟姐妹(男)→配偶	姑丈公 | 姑祖父		True	
126	49	f,f,lb	f,f,lb	F.F.YB	叔公	叔公 | 叔祖 | 叔翁 | 小爷爷 | 晚公 | 幺爷 | 细嗲	自己→第2代祖輩(父系入線)→兄弟姐妹(男)	叔公 | 叔祖父		True	自己→第2代祖輩(父系入線)→兄弟姐妹(男)	叔公 | 叔祖父		True	
127	159	f,f,xb,d	f,f,xb,d	F.F.YB.D	堂姑	堂姑	自己→第2代祖輩(父系)分支→第1代長輩	堂姑		True	自己→第2代祖輩(父系)分支→第1代長輩	堂姑		True	
128	161	f,f,xb,d,h	f,f,xb,d,h	F.F.YB.D.SP	堂姑丈	堂姑丈	自己→第2代祖輩(父系)分支→第1代長輩→配偶	堂姑丈		True	自己→第2代祖輩(父系)分支→第1代長輩→配偶	堂姑丈		True	
129	135 | 139 | 143	f,f,xb,s&o | f,f,xb,s&l | f,f,xb,s	f,f,xb,s	F.F.YB.S	堂伯 | 堂叔 | 堂伯叔父	堂伯 | 堂叔 | 堂伯叔父 | 堂叔伯 | 从父	自己→第2代祖輩(父系)分支→第1代長輩	堂叔		True	自己→第2代祖輩(父系)分支→第1代長輩	堂叔		True	
130	147 | 149	f,f,xb,s,s&o | f,f,xb,s,s&l	f,f,xb,s,s	F.F.YB.S.S	从堂兄 | 从堂弟	从堂兄 | 从堂弟	自己→旁系同輩(分家於第2代)	從堂弟		True	自己→旁系同輩(分家於第2代)	從堂弟		True	
131	151	f,f,xb,s,s,s	f,f,xb,s,s,s	F.F.YB.S.S.S	从堂侄	从堂侄 | 三从子	自己→旁系(分家於第2代)→第1代晚輩	從堂姪子		True	自己→旁系(分家於第2代)→第1代晚輩	從堂姪子		True	
132	153	f,f,xb,s,s,s,s	f,f,xb,s,s,s,s	F.F.YB.S.S.S.S	从堂侄孙	从堂侄孙 | 三从孙	自己→旁系(分家於第2代)→第2代晚輩	從堂姪孫子		True	自己→旁系(分家於第2代)→第2代晚輩	從堂姪孫子		True	
133	155	f,f,xb,s,s,s,s,s	f,f,xb,s,s,s,s,s	F.F.YB.S.S.S.S.S	从堂侄曾孙	从堂侄曾孙 | 三曾孙	自己→旁系(分家於第2代)→第3代晚輩	從堂姪曾孫子		True	自己→旁系(分家於第2代)→第3代晚輩	從堂姪曾孫子		True	
134	157	f,f,xb,s,s,s,s,s,s	f,f,xb,s,s,s,s,s,s	F.F.YB.S.S.S.S.S.S	从堂侄玄孙	从堂侄玄孙 | 三玄孙	自己→旁系(分家於第2代)→第4代晚輩	從堂姪玄孫子		True	自己→旁系(分家於第2代)→第4代晚輩	從堂姪玄孫子		True	
135	137 | 141 | 145	f,f,xb,s&o,w | f,f,xb,s&l,w | f,f,xb,s,w	f,f,xb,s,w	F.F.YB.S.SP	堂伯母 | 堂婶 | 堂伯叔母	堂伯母 | 堂婶 | 堂伯叔母 | 从母	自己→第2代祖輩(父系)分支→第1代長輩→配偶	堂嬸		True	自己→第2代祖輩(父系)分支→第1代長輩→配偶	堂嬸		True	
136	50	f,f,lb,w	f,f,lb,w	F.F.YB.SP	叔婆	叔婆 | 婶婆 | 小奶奶 | 叔娭毑 | 晚婆 | 幺奶	自己→第2代祖輩(父系入線)→兄弟姐妹(女)→配偶	叔婆 | 叔祖母		True	自己→第2代祖輩(父系入線)→兄弟姐妹(女)→配偶	叔婆 | 叔祖母		True	
137	52	f,f,xs	f,f,xs	F.F.YS	姑奶奶	姑奶奶 | 祖姑 | 姑奶 | 恩婆 | 姑娭毑	自己→第2代祖輩(父系入線)→兄弟姐妹(女)	姑婆 | 姑祖母		True	自己→第2代祖輩(父系入線)→兄弟姐妹(女)	姑婆 | 姑祖母		True	
138	54	f,f,xs,h	f,f,xs,h	F.F.YS.SP	姑爷爷	姑爷爷 | 祖姑丈 | 恩爹 | 姑丈公 | 丈公	自己→第2代祖輩(父系入線)→兄弟姐妹(男)→配偶	姑丈公 | 姑祖父		True	自己→第2代祖輩(父系入線)→兄弟姐妹(男)→配偶	姑丈公 | 姑祖父		True	
139	44	f,m	f,m	F.M	奶奶	奶奶 | 祖母 | 祖婆 | 阿奶 | 阿婆 | 奶娘 | 亚嬷 | 亚婆 | 依奶 | 大母 | 祖嫲 | 嫲嫲 | 奶 | 重慈 | 阿嬷 | 婻婻 | 娭毑 | 嗯奶 | 娘姆 | 媪婆 | 亲婆	自己→第2代祖輩(父系女)	奶奶 | 祖母		True	自己→第2代祖輩(父系女)	奶奶 | 祖母		True	
140	37	f,m,f	f,m,f	F.M.F	曾外祖父	曾外祖父 | 曾外祖 | 外曾毑父 | 太外公 | 太外爷 | 太外翁 | 太外爷爷	自己→第3代祖輩(父系男)	曾外祖父		True	自己→第3代祖輩(父系男)	曾外祖父		True	
141	23	f,m,f,f	f,m,f,f	F.M.F.F	曾外曾祖父	曾外曾祖父 | 外高外毑父	自己→第4代祖輩(父系男)	曾外曾祖父		True	自己→第4代祖輩(父系男)	曾外曾祖父		True	
142	24	f,m,f,m	f,m,f,m	F.M.F.M	曾外曾祖母	曾外曾祖母 | 外高外毑母	自己→第4代祖輩(父系女)	曾外曾祖母		True	自己→第4代祖輩(父系女)	曾外曾祖母		True	
143	38	f,m,m	f,m,m	F.M.M	曾外祖母	曾外祖母 | 外曾毑母 | 太外婆 | 太外奶 | 太外嬷 | 太外姆 | 太外奶奶	自己→第3代祖輩(父系女)	曾外祖母		True	自己→第3代祖輩(父系女)	曾外祖母		True	
144	25	f,m,m,f	f,m,m,f	F.M.M.F	曾外曾外祖父	曾外曾外祖父 | 外高毑父	自己→第4代祖輩(父系男)	曾外曾外祖父		True	自己→第4代祖輩(父系男)	曾外曾外祖父		True	
145	26	f,m,m,m	f,m,m,m	F.M.M.M	曾外曾外祖母	曾外曾外祖母 | 外高毑母	自己→第4代祖輩(父系女)	曾外曾外祖母		True	自己→第4代祖輩(父系女)	曾外曾外祖母		True	
146	55 | 59	f,m,ob | f,m,xb	f,m,ob | f,m,xb	F.M.OB	大舅爷 | 舅爷爷	大舅爷 | 大舅爹 | 舅爷爷 | 舅祖 | 舅爹 | 太舅父	自己→第2代祖輩(父系入線)→兄弟姐妹(男)	舅公 | 舅祖父		True	自己→第2代祖輩(父系入線)→兄弟姐妹(男)	舅公 | 舅祖父		True	
147	56 | 61	f,m,ob,w | f,m,xb,w	f,m,ob,w | f,m,xb,w	F.M.OB.SP	大舅婆 | 舅奶奶	大舅婆 | 舅奶奶 | 妗婆 | 舅婆 | 妗奶 | 太舅母	自己→第2代祖輩(父系入線)→兄弟姐妹(女)→配偶	舅婆 | 舅祖母		True	自己→第2代祖輩(父系入線)→兄弟姐妹(女)→配偶	舅婆 | 舅祖母		True	
148	63	f,m,xs	f,m,xs	F.M.OS	姨奶奶	姨奶奶 | 姨奶 | 姨娭毑	自己→第2代祖輩(父系入線)→兄弟姐妹(女)	姨婆 | 姨祖母		True	自己→第2代祖輩(父系入線)→兄弟姐妹(女)	姨婆 | 姨祖母		True	
149	65	f,m,xs,h	f,m,xs,h	F.M.OS.SP	姨爷爷	姨爷爷 | 姨公公 | 姨爹 | 姨丈公 | 丈公	自己→第2代祖輩(父系入線)→兄弟姐妹(男)→配偶	姨公 | 姨祖父		True	自己→第2代祖輩(父系入線)→兄弟姐妹(男)→配偶	姨公 | 姨祖父		True	
150	57 | 60	f,m,lb | f,m,xb	f,m,lb | f,m,xb	F.M.YB	小舅爷 | 舅爷爷	小舅爷 | 小舅爹 | 舅爷爷 | 舅祖 | 舅爹 | 太舅父	自己→第2代祖輩(父系入線)→兄弟姐妹(男)	舅公 | 舅祖父		True	自己→第2代祖輩(父系入線)→兄弟姐妹(男)	舅公 | 舅祖父		True	
151	58 | 62	f,m,lb,w | f,m,xb,w	f,m,lb,w | f,m,xb,w	F.M.YB.SP	小舅婆 | 舅奶奶	小舅婆 | 舅奶奶 | 妗婆 | 舅婆 | 妗奶 | 太舅母	自己→第2代祖輩(父系入線)→兄弟姐妹(女)→配偶	舅婆 | 舅祖母		True	自己→第2代祖輩(父系入線)→兄弟姐妹(女)→配偶	舅婆 | 舅祖母		True	
152	64	f,m,xs	f,m,xs	F.M.YS	姨奶奶	姨奶奶 | 姨奶 | 姨娭毑	自己→第2代祖輩(父系入線)→兄弟姐妹(女)	姨婆 | 姨祖母		True	自己→第2代祖輩(父系入線)→兄弟姐妹(女)	姨婆 | 姨祖母		True	
153	66	f,m,xs,h	f,m,xs,h	F.M.YS.SP	姨爷爷	姨爷爷 | 姨公公 | 姨爹 | 姨丈公 | 丈公	自己→第2代祖輩(父系入線)→兄弟姐妹(男)→配偶	姨公 | 姨祖父		True	自己→第2代祖輩(父系入線)→兄弟姐妹(男)→配偶	姨公 | 姨祖父		True	
154	84	f,ob	f,ob	F.OB	伯父	伯父 | 伯伯 | 伯爸 | 阿伯 | 伯爷 | 依伯 | 伯儿 | 大伯 | 大爹 | 大爸 | 大爸爸 | 世父 | 大爷 | 大大 | 几伯 | 伯	自己→第1代祖輩(父係男)→兄弟	伯伯 | 伯父		True	自己→第1代祖輩(父係男)→兄弟	伯伯 | 伯父		True	
155	110 | 114	f,xb,d&o | f,xb,d&l	f,xb,d	F.OB.D	堂姐 | 堂妹	堂姐 | 堂大姐 | 堂妹 | 堂细妹	自己→旁系同輩(分家於第1代)	堂姐		True	自己→旁系同輩(分家於第1代)	堂姐		True	
156	122	f,xb,d,d	f,xb,d,d	F.OB.D.D	堂外甥女	堂外甥女	自己→旁系(分家於第1代)→第1代晚輩	堂外甥女		True	自己→旁系(分家於第1代)→第1代晚輩	堂外甥女		True	
157	124	f,xb,d,d,h	f,xb,d,d,h	F.OB.D.D.SP	堂外甥女婿	堂外甥女婿	自己→旁系(分家於第1代)→第1代晚輩→配偶	堂外甥婿		True	自己→旁系(分家於第1代)→第1代晚輩→配偶	堂外甥婿		True	
158	118	f,xb,d,s	f,xb,d,s	F.OB.D.S	堂外甥	堂外甥	自己→旁系(分家於第1代)→第1代晚輩	堂外甥		True	自己→旁系(分家於第1代)→第1代晚輩	堂外甥		True	
159	120	f,xb,d,s,w	f,xb,d,s,w	F.OB.D.S.SP	堂外甥媳妇	堂外甥媳妇	自己→旁系(分家於第1代)→第1代晚輩→配偶	堂外甥媳		True	自己→旁系(分家於第1代)→第1代晚輩→配偶	堂外甥媳		True	
160	112 | 116	f,xb,d&o,h | f,xb,d&l,h	f,xb,d,h	F.OB.D.SP	堂姐夫 | 堂妹夫	堂姐夫 | 堂妹夫	自己→姐→配偶	堂姐夫		True	自己→姐→配偶	堂姐夫		True	
161	88 | 92	f,xb,s&o | f,xb,s&l	f,xb,s	F.OB.S	堂哥 | 堂弟	堂哥 | 堂老兄 | 堂弟 | 堂老弟	自己→旁系同輩(分家於第1代)	堂兄		True	自己→旁系同輩(分家於第1代)	堂兄		True	
162	106	f,xb,s,d	f,xb,s,d	F.OB.S.D	堂侄女	堂侄女	自己→旁系(分家於第1代)→第1代晚輩	堂姪女		True	自己→旁系(分家於第1代)→第1代晚輩	堂姪女		True	
163	108	f,xb,s,d,h	f,xb,s,d,h	F.OB.S.D.SP	堂侄女婿	堂侄女婿	自己→旁系(分家於第1代)→第1代晚輩→配偶	堂姪婿		True	自己→旁系(分家於第1代)→第1代晚輩→配偶	堂姪婿		True	
164	96	f,xb,s,s	f,xb,s,s	F.OB.S.S	堂侄	堂侄 | 再从子	自己→旁系(分家於第1代)→第1代晚輩	堂姪子		True	自己→旁系(分家於第1代)→第1代晚輩	堂姪子		True	
165	100	f,xb,s,s,s	f,xb,s,s,s	F.OB.S.S.S	堂侄孙	堂侄孙 | 再从孙	自己→旁系(分家於第1代)→第2代晚輩	堂姪孫子		True	自己→旁系(分家於第1代)→第2代晚輩	堂姪孫子		True	
166	102	f,xb,s,s,s,s	f,xb,s,s,s,s	F.OB.S.S.S.S	堂曾孙	堂曾孙 | 再曾孙	自己→旁系(分家於第1代)→第3代晚輩	堂姪曾孫子		True	自己→旁系(分家於第1代)→第3代晚輩	堂姪曾孫子		True	
167	104	f,xb,s,s,s,s,s	f,xb,s,s,s,s,s	F.OB.S.S.S.S.S	堂玄孙	堂玄孙 | 再玄孙	自己→旁系(分家於第1代)→第4代晚輩	堂姪玄孫子		True	自己→旁系(分家於第1代)→第4代晚輩	堂姪玄孫子		True	
168	98	f,xb,s,s,w	f,xb,s,s,w	F.OB.S.S.SP	堂侄媳妇	堂侄媳妇	自己→旁系(分家於第1代)→第1代晚輩→配偶	堂姪媳		True	自己→旁系(分家於第1代)→第1代晚輩→配偶	堂姪媳		True	
169	90 | 94	f,xb,s&o,w | f,xb,s&l,w	f,xb,s,w	F.OB.S.SP	堂嫂 | 堂弟媳	堂嫂 | 堂兄嫂 | 堂弟媳 | 堂弟妇 | 堂弟妹	自己→兄→配偶	堂嫂		True	自己→兄→配偶	堂嫂		True	
170	85	f,ob,w	f,ob,w	F.OB.SP	伯母	伯母 | 伯妈 | 伯娘 | 依姆 | 世母 | 大娘 | 伯妇 | 大嬷 | 大妈 | 大妈妈 | 大姆妈 | 伯姐 | 姆	自己→第1代祖輩(父係女)→兄弟	伯母		True	自己→第1代祖輩(父係女)→兄弟	伯母		True	
171	126 | 130	f,os | f,xs	f,os | f,xs	F.OS	大姑 | 姑妈	大姑 | 姑姊 | 姑嬷 | 姑妈 | 姑母 | 姑姑 | 恩妈 | 几姑 | 姑 | 嬢嬢 | 娘娘	自己→第1代祖輩(父係女)→姐妹	姑媽 | 姑母		True	自己→第1代祖輩(父係女)→姐妹	姑媽 | 姑母		True	
172	127 | 132	f,os,h | f,xs,h	f,os,h | f,xs,h	F.OS.SP	大姑丈 | 姑丈	大姑丈 | 大姑夫 | 恩伯 | 姑丈 | 姑父 | 姑爸 | 恩爸 | 姑伯 | 姑爹 | 姑夫 | 姑婿 | 姑郎 | 亘	自己→第1代祖輩(父係男)→姐妹	姑父		True	自己→第1代祖輩(父係男)→姐妹	姑父		True	
173	86	f,lb	f,lb	F.YB	叔叔	叔叔 | 叔父 | 叔爸 | 阿叔 | 叔爹 | 依叔 | 叔儿 | 小叔 | 小爹 | 小爸 | 小爸爸 | 仲父 | 季父 | 叔仔 | 几叔 | 叔	自己→第1代祖輩(父係男)→兄弟	叔叔 | 叔父		True	自己→第1代祖輩(父係男)→兄弟	叔叔 | 叔父		True	
174	111 | 115	f,xb,d&o | f,xb,d&l	f,xb,d	F.YB.D	堂姐 | 堂妹	堂姐 | 堂大姐 | 堂妹 | 堂细妹	自己→旁系同輩(分家於第1代)	堂妹		True	自己→旁系同輩(分家於第1代)	堂妹		True	
175	123	f,xb,d,d	f,xb,d,d	F.YB.D.D	堂外甥女	堂外甥女	自己→旁系(分家於第1代)→第1代晚輩	堂外甥女		True	自己→旁系(分家於第1代)→第1代晚輩	堂外甥女		True	
176	125	f,xb,d,d,h	f,xb,d,d,h	F.YB.D.D.SP	堂外甥女婿	堂外甥女婿	自己→旁系(分家於第1代)→第1代晚輩→配偶	堂外甥婿		True	自己→旁系(分家於第1代)→第1代晚輩→配偶	堂外甥婿		True	
177	119	f,xb,d,s	f,xb,d,s	F.YB.D.S	堂外甥	堂外甥	自己→旁系(分家於第1代)→第1代晚輩	堂外甥		True	自己→旁系(分家於第1代)→第1代晚輩	堂外甥		True	
178	121	f,xb,d,s,w	f,xb,d,s,w	F.YB.D.S.SP	堂外甥媳妇	堂外甥媳妇	自己→旁系(分家於第1代)→第1代晚輩→配偶	堂外甥媳		True	自己→旁系(分家於第1代)→第1代晚輩→配偶	堂外甥媳		True	
179	113 | 117	f,xb,d&o,h | f,xb,d&l,h	f,xb,d,h	F.YB.D.SP	堂姐夫 | 堂妹夫	堂姐夫 | 堂妹夫	自己→妹→配偶	堂妹夫		True	自己→妹→配偶	堂妹夫		True	
180	89 | 93	f,xb,s&o | f,xb,s&l	f,xb,s	F.YB.S	堂哥 | 堂弟	堂哥 | 堂老兄 | 堂弟 | 堂老弟	自己→旁系同輩(分家於第1代)	堂弟		True	自己→旁系同輩(分家於第1代)	堂弟		True	
181	107	f,xb,s,d	f,xb,s,d	F.YB.S.D	堂侄女	堂侄女	自己→旁系(分家於第1代)→第1代晚輩	堂姪女		True	自己→旁系(分家於第1代)→第1代晚輩	堂姪女		True	
182	109	f,xb,s,d,h	f,xb,s,d,h	F.YB.S.D.SP	堂侄女婿	堂侄女婿	自己→旁系(分家於第1代)→第1代晚輩→配偶	堂姪婿		True	自己→旁系(分家於第1代)→第1代晚輩→配偶	堂姪婿		True	
183	97	f,xb,s,s	f,xb,s,s	F.YB.S.S	堂侄	堂侄 | 再从子	自己→旁系(分家於第1代)→第1代晚輩	堂姪子		True	自己→旁系(分家於第1代)→第1代晚輩	堂姪子		True	
184	101	f,xb,s,s,s	f,xb,s,s,s	F.YB.S.S.S	堂侄孙	堂侄孙 | 再从孙	自己→旁系(分家於第1代)→第2代晚輩	堂姪孫子		True	自己→旁系(分家於第1代)→第2代晚輩	堂姪孫子		True	
185	103	f,xb,s,s,s,s	f,xb,s,s,s,s	F.YB.S.S.S.S	堂曾孙	堂曾孙 | 再曾孙	自己→旁系(分家於第1代)→第3代晚輩	堂姪曾孫子		True	自己→旁系(分家於第1代)→第3代晚輩	堂姪曾孫子		True	
186	105	f,xb,s,s,s,s,s	f,xb,s,s,s,s,s	F.YB.S.S.S.S.S	堂玄孙	堂玄孙 | 再玄孙	自己→旁系(分家於第1代)→第4代晚輩	堂姪玄孫子		True	自己→旁系(分家於第1代)→第4代晚輩	堂姪玄孫子		True	
187	99	f,xb,s,s,w	f,xb,s,s,w	F.YB.S.S.SP	堂侄媳妇	堂侄媳妇	自己→旁系(分家於第1代)→第1代晚輩→配偶	堂姪媳		True	自己→旁系(分家於第1代)→第1代晚輩→配偶	堂姪媳		True	
188	91 | 95	f,xb,s&o,w | f,xb,s&l,w	f,xb,s,w	F.YB.S.SP	堂嫂 | 堂弟媳	堂嫂 | 堂兄嫂 | 堂弟媳 | 堂弟妇 | 堂弟妹	自己→弟→配偶	堂弟媳		True	自己→弟→配偶	堂弟媳		True	
189	87	f,lb,w	f,lb,w	F.YB.SP	婶婶	婶婶 | 叔母 | 叔妈 | 阿婶 | 叔娘 | 依婶 | 婶儿 | 小婶 | 小娘 | 小妈 | 小妈妈 | 仲母 | 季母 | 叔妇 | 几婶 | 婶 | 婶母 | 婶妈 | 婶娘 | 婶子 | 家婶 | 婶爹 | 嬢嬢	自己→第1代祖輩(父係女)→兄弟	嬸嬸 | 嬸母		True	自己→第1代祖輩(父係女)→兄弟	嬸嬸 | 嬸母		True	
190	128 | 131	f,ls | f,xs	f,ls | f,xs	F.YS	小姑 | 姑妈	小姑 | 姑姐 | 姑妹 | 姑仔 | 尕娘 | 幺姑姐 | 老姑 | 姑妈 | 姑母 | 姑姑 | 恩妈 | 几姑 | 姑 | 嬢嬢 | 娘娘	自己→第1代祖輩(父係女)→姐妹	姑姑 | 姑母		True	自己→第1代祖輩(父係女)→姐妹	姑姑 | 姑母		True	
191	129 | 133	f,ls,h | f,xs,h	f,ls,h | f,xs,h	F.YS.SP	小姑丈 | 姑丈	小姑丈 | 小姑夫 | 恩叔 | 姑丈 | 姑父 | 姑爸 | 恩爸 | 姑伯 | 姑爹 | 姑夫 | 姑婿 | 姑郎 | 亘	自己→第1代祖輩(父係男)→姐妹	姑父		True	自己→第1代祖輩(父係男)→姐妹	姑父		True	
192	218	m	m	M	妈妈	妈妈 | 母亲 | 老母亲 | 老妈 | 阿妈 | 阿母 | 阿娘 | 老母 | 妈咪 | 依妈 | 老娘 | 老乸 | 老妈子 | 妈子 | 娘老子 | 妈 | 母 | 娘 | 阿毑 | 姆嬷 | 姆妈 | 娘亲	母親	母親		True	母親	母親		True	
193	45	m,f	m,f	M.F	外公	外公 | 外祖父 | 姥爷 | 阿公 | 外爷 | 客公 | 毑父 | 毑公 | 姥公 | 舅家爷 | 嘎公 | 嘎爹 | 嘎嘎爹 | 嘎爷爷 | 尕公 | 毑爹 | 毑爷 | 外大父 | 姥爹 | 魏公 | 魏爷 | 简爷	自己→第2代祖輩(母系男)	外公 | 外祖父		True	自己→第2代祖輩(母系男)	外公 | 外祖父		True	
194	39	m,f,f	m,f,f	M.F.F	外曾祖父	外曾祖父 | 外曾祖 | 曾外毑父 | 外太公 | 外太爷 | 外太翁 | 外太爷爷	自己→第3代祖輩(母系男)	外太公 | 外曾祖父		True	自己→第3代祖輩(母系男)	外太公 | 外曾祖父		True	
195	27	m,f,f,f	m,f,f,f	M.F.F.F	外高祖父	外高祖父 | 曾外曾外毑父	自己→第4代祖輩(母系男)	外高祖父		True	自己→第4代祖輩(母系男)	外高祖父		True	
196	28	m,f,f,m	m,f,f,m	M.F.F.M	外高祖母	外高祖母 | 曾外曾外毑母	自己→第4代祖輩(母系女)	外高祖母		True	自己→第4代祖輩(母系女)	外高祖母		True	
197	40	m,f,m	m,f,m	M.F.M	外曾祖母	外曾祖母 | 曾外毑母 | 外太婆 | 外太奶 | 外太嬷 | 外太姆 | 外太奶奶	自己→第3代祖輩(母系女)	外太婆 | 外曾祖母		True	自己→第3代祖輩(母系女)	外太婆 | 外曾祖母		True	
198	29	m,f,m,f	m,f,m,f	M.F.M.F	外高外祖父	外高外祖父 | 曾外曾祖毑父	自己→第4代祖輩(母系男)	外高外祖父		True	自己→第4代祖輩(母系男)	外高外祖父		True	
199	30	m,f,m,m	m,f,m,m	M.F.M.M	外高外祖母	外高外祖母 | 曾外曾祖毑母	自己→第4代祖輩(母系女)	外高外祖母		True	自己→第4代祖輩(母系女)	外高外祖母		True	
200	67	m,f,ob	m,f,ob	M.F.OB	伯外公	伯外公 | 外伯祖 | 伯外祖 | 大外公 | 大姥爷 | 大外爷	自己→第2代祖輩(母系入線)→兄弟姐妹(男)	伯外公 | 伯外祖父		True	自己→第2代祖輩(母系入線)→兄弟姐妹(男)	伯外公 | 伯外祖父		True	
201	239	m,f,xb,d	m,f,xb,d	M.F.OB.D	堂姨	堂姨	自己→第1代祖輩(父係女)→姐	堂姨		True	自己→第1代祖輩(父係女)→姐	堂姨		True	
202	241	m,f,xb,d,h	m,f,xb,d,h	M.F.OB.D.SP	堂姨丈	堂姨丈	自己→第1代祖輩(父係男)→姐→配偶	堂姨丈		True	自己→第1代祖輩(父係男)→姐→配偶	堂姨丈		True	
203	235	m,f,xb,s	m,f,xb,s	M.F.OB.S	堂舅	堂舅	自己→第1代祖輩(父係男)→兄	堂舅		True	自己→第1代祖輩(父係男)→兄	堂舅		True	
204	237	m,f,xb,s,w	m,f,xb,s,w	M.F.OB.S.SP	堂舅妈	堂舅妈	自己→第1代祖輩(父係女)→兄→配偶	堂舅媽		True	自己→第1代祖輩(父係女)→兄→配偶	堂舅媽		True	
205	68	m,f,ob,w	m,f,ob,w	M.F.OB.SP	伯外婆	伯外婆 | 外姆婆 | 大外婆 | 大姥姥 | 大姥奶	自己→第2代祖輩(母系入線)→兄弟姐妹(女)→配偶	伯外婆 | 伯外祖母		True	自己→第2代祖輩(母系入線)→兄弟姐妹(女)→配偶	伯外婆 | 伯外祖母		True	
206	71	m,f,xs	m,f,xs	M.F.OS	姑外婆	姑外婆 | 姑婆 | 恩婆	自己→第2代祖輩(母系入線)→兄弟姐妹(女)	姑外婆 | 姑外祖母		True	自己→第2代祖輩(母系入線)→兄弟姐妹(女)	姑外婆 | 姑外祖母		True	
207	73	m,f,xs,h	m,f,xs,h	M.F.OS.SP	姑外公	姑外公 | 姑公 | 恩爹 | 外姑丈公 | 外丈公	自己→第2代祖輩(母系入線)→兄弟姐妹(男)→配偶	姑外公 | 姑外祖父		True	自己→第2代祖輩(母系入線)→兄弟姐妹(男)→配偶	姑外公 | 姑外祖父		True	
208	69	m,f,lb	m,f,lb	M.F.YB	叔外公	叔外公 | 外叔祖 | 叔外祖 | 小外公 | 小姥爷 | 小外爷	自己→第2代祖輩(母系入線)→兄弟姐妹(男)	叔外公 | 叔外祖父		True	自己→第2代祖輩(母系入線)→兄弟姐妹(男)	叔外公 | 叔外祖父		True	
209	240	m,f,xb,d	m,f,xb,d	M.F.YB.D	堂姨	堂姨	自己→第1代祖輩(父係女)→妹	堂姨		True	自己→第1代祖輩(父係女)→妹	堂姨		True	
210	242	m,f,xb,d,h	m,f,xb,d,h	M.F.YB.D.SP	堂姨丈	堂姨丈	自己→第1代祖輩(父係男)→妹→配偶	堂姨丈		True	自己→第1代祖輩(父係男)→妹→配偶	堂姨丈		True	
211	236	m,f,xb,s	m,f,xb,s	M.F.YB.S	堂舅	堂舅	自己→第1代祖輩(父係男)→弟	堂舅		True	自己→第1代祖輩(父係男)→弟	堂舅		True	
212	238	m,f,xb,s,w	m,f,xb,s,w	M.F.YB.S.SP	堂舅妈	堂舅妈	自己→第1代祖輩(父係女)→弟→配偶	堂舅媽		True	自己→第1代祖輩(父係女)→弟→配偶	堂舅媽		True	
213	70	m,f,lb,w	m,f,lb,w	M.F.YB.SP	叔外婆	叔外婆 | 外婶婆 | 小外婆 | 小姥姥 | 婶姥姥 | 小姥奶	自己→第2代祖輩(母系入線)→兄弟姐妹(女)→配偶	叔外婆 | 叔外祖母		True	自己→第2代祖輩(母系入線)→兄弟姐妹(女)→配偶	叔外婆 | 叔外祖母		True	
214	72	m,f,xs	m,f,xs	M.F.YS	姑外婆	姑外婆 | 姑婆 | 恩婆	自己→第2代祖輩(母系入線)→兄弟姐妹(女)	姑外婆 | 姑外祖母		True	自己→第2代祖輩(母系入線)→兄弟姐妹(女)	姑外婆 | 姑外祖母		True	
215	74	m,f,xs,h	m,f,xs,h	M.F.YS.SP	姑外公	姑外公 | 姑公 | 恩爹 | 外姑丈公 | 外丈公	自己→第2代祖輩(母系入線)→兄弟姐妹(男)→配偶	姑外公 | 姑外祖父		True	自己→第2代祖輩(母系入線)→兄弟姐妹(男)→配偶	姑外公 | 姑外祖父		True	
216	46	m,m	m,m	M.M	外婆	外婆 | 外祖母 | 姥姥 | 阿婆 | 外奶 | 客婆 | 毑母 | 毑婆 | 姥婆 | 舅家婆 | 嘎嘎 | 嘎婆 | 嘎嘎婆 | 嘎奶奶 | 尕婆 | 毑娘 | 毑毑 | 外大母 | 姥娘 | 魏婆 | 魏奶 | 简婆 | 阿嬷 | 外嬷 | 嫲嫲 | 好婆 | 嫏嫏 | 嫏娘 | 姥	自己→第2代祖輩(母系女)	外婆 | 外祖母		True	自己→第2代祖輩(母系女)	外婆 | 外祖母		True	
217	41	m,m,f	m,m,f	M.M.F	外曾外祖父	外曾外祖父 | 外曾外祖 | 曾毑父 | 外太外公 | 外太外爷 | 外太外翁 | 外太外爷爷 | 外太姥爷	自己→第3代祖輩(母系男)	外曾外祖父		True	自己→第3代祖輩(母系男)	外曾外祖父		True	
218	31	m,m,f,f	m,m,f,f	M.M.F.F	外曾外曾祖父	外曾外曾祖父 | 高外毑父	自己→第4代祖輩(母系男)	外曾外曾祖父		True	自己→第4代祖輩(母系男)	外曾外曾祖父		True	
219	32	m,m,f,m	m,m,f,m	M.M.F.M	外曾外曾祖母	外曾外曾祖母 | 高外毑母	自己→第4代祖輩(母系女)	外曾外曾祖母		True	自己→第4代祖輩(母系女)	外曾外曾祖母		True	
220	42	m,m,m	m,m,m	M.M.M	外曾外祖母	外曾外祖母 | 曾毑母 | 外太外婆 | 外太外奶 | 外太外嬷 | 外太外姆 | 外太外奶奶 | 外太姥姥	自己→第3代祖輩(母系女)	外曾外祖母		True	自己→第3代祖輩(母系女)	外曾外祖母		True	
221	33	m,m,m,f	m,m,m,f	M.M.M.F	外曾外曾外祖父	外曾外曾外祖父 | 高毑父	自己→第4代祖輩(母系男)	外曾外曾外祖父		True	自己→第4代祖輩(母系男)	外曾外曾外祖父		True	
222	34	m,m,m,m	m,m,m,m	M.M.M.M	外曾外曾外祖母	外曾外曾外祖母 | 高毑母	自己→第4代祖輩(母系女)	外曾外曾外祖母		True	自己→第4代祖輩(母系女)	外曾外曾外祖母		True	
223	75	m,m,xb	m,m,xb	M.M.OB	舅外公	舅外公 | 舅公 | 舅爹	自己→第2代祖輩(母系入線)→兄弟姐妹(男)	舅外公 | 舅外祖父		True	自己→第2代祖輩(母系入線)→兄弟姐妹(男)	舅外公 | 舅外祖父		True	
224	77	m,m,xb,w	m,m,xb,w	M.M.OB.SP	舅外婆	舅外婆 | 舅婆 | 妗姥姥 | 妗姥娘 | 妗姥 | 外妗婆	自己→第2代祖輩(母系入線)→兄弟姐妹(女)→配偶	舅外婆 | 舅外祖母		True	自己→第2代祖輩(母系入線)→兄弟姐妹(女)→配偶	舅外婆 | 舅外祖母		True	
225	79	m,m,xs	m,m,xs	M.M.OS	姨外婆	姨外婆 | 姨婆	自己→第2代祖輩(母系入線)→兄弟姐妹(女)	姨外婆 | 姨外祖母		True	自己→第2代祖輩(母系入線)→兄弟姐妹(女)	姨外婆 | 姨外祖母		True	
226	81	m,m,xs,h	m,m,xs,h	M.M.OS.SP	姨外公	姨外公 | 姨公 | 外姨丈公 | 外丈公	自己→第2代祖輩(母系入線)→兄弟姐妹(男)→配偶	姨外公 | 姨外祖父		True	自己→第2代祖輩(母系入線)→兄弟姐妹(男)→配偶	姨外公 | 姨外祖父		True	
227	76	m,m,xb	m,m,xb	M.M.YB	舅外公	舅外公 | 舅公 | 舅爹	自己→第2代祖輩(母系入線)→兄弟姐妹(男)	舅外公 | 舅外祖父		True	自己→第2代祖輩(母系入線)→兄弟姐妹(男)	舅外公 | 舅外祖父		True	
228	78	m,m,xb,w	m,m,xb,w	M.M.YB.SP	舅外婆	舅外婆 | 舅婆 | 妗姥姥 | 妗姥娘 | 妗姥 | 外妗婆	自己→第2代祖輩(母系入線)→兄弟姐妹(女)→配偶	舅外婆 | 舅外祖母		True	自己→第2代祖輩(母系入線)→兄弟姐妹(女)→配偶	舅外婆 | 舅外祖母		True	
229	80	m,m,xs	m,m,xs	M.M.YS	姨外婆	姨外婆 | 姨婆	自己→第2代祖輩(母系入線)→兄弟姐妹(女)	姨外婆 | 姨外祖母		True	自己→第2代祖輩(母系入線)→兄弟姐妹(女)	姨外婆 | 姨外祖母		True	
230	82	m,m,xs,h	m,m,xs,h	M.M.YS.SP	姨外公	姨外公 | 姨公 | 外姨丈公 | 外丈公	自己→第2代祖輩(母系入線)→兄弟姐妹(男)→配偶	姨外公 | 姨外祖父		True	自己→第2代祖輩(母系入線)→兄弟姐妹(男)→配偶	姨外公 | 姨外祖父		True	
231	219 | 223	m,ob | m,xb	m,ob | m,xb	M.OB	大舅 | 舅舅	大舅 | 大舅舅 | 舅伯 | 元舅 | 舅舅 | 舅爸 | 舅父 | 舅爹 | 娘舅 | 母舅 | 阿舅 | 妗公 | 舅台 | 几舅 | 舅	自己→第1代祖輩(母係男)→兄弟	舅舅 | 舅父		True	自己→第1代祖輩(母係男)→兄弟	舅舅 | 舅父		True	
232	220 | 225	m,ob,w | m,xb,w	m,ob,w | m,xb,w	M.OB.SP	大舅妈 | 舅妈	大舅妈 | 大妗 | 舅嬷 | 舅妈 | 舅母 | 舅娘 | 娘妗 | 舅妻 | 舅姆 | 舅姆妈 | 舅媳妇 | 舅妇 | 舅姥 | 舅毑 | 老妗 | 妗子 | 妗妗 | 妗妗儿 | 妗爹 | 妗娘 | 妗爸 | 妗妈 | 妗母 | 阿妗 | 妗门 | 妗婆仔 | 妗儿妈 | 娘妗子 | 妗 | 嬢嬢	自己→第1代祖輩(母係女)→兄弟	舅媽 | 舅母		True	自己→第1代祖輩(母係女)→兄弟	舅媽 | 舅母		True	
233	227 | 231	m,os | m,xs	m,os | m,xs	M.OS	大姨 | 姨妈	大姨 | 姨嬷 | 姨妈 | 姨母 | 姨姨 | 姨娘 | 阿姨 | 从母 | 几姨 | 姨 | 嬢嬢	自己→第1代祖輩(母係女)→姐妹	姨媽 | 姨母		True	自己→第1代祖輩(母係女)→姐妹	姨媽 | 姨母		True	
234	228 | 233	m,os,h | m,xs,h	m,os,h | m,xs,h	M.OS.SP	大姨丈 | 姨丈	大姨丈 | 大姨父 | 大姨夫 | 姨伯 | 姨丈 | 姨父 | 姨夫 | 姨爸 | 姨爹 | 姨婿 | 姨郎 | 尹	自己→第1代祖輩(母係男)→姐妹	姨父		True	自己→第1代祖輩(母係男)→姐妹	姨父		True	
235	221 | 224	m,lb | m,xb	m,lb | m,xb	M.YB	小舅 | 舅舅	小舅 | 小舅舅 | 舅仔 | 舅父仔 | 尕阿舅 | 老舅 | 舅舅 | 舅爸 | 舅父 | 舅爹 | 娘舅 | 母舅 | 阿舅 | 妗公 | 舅台 | 几舅 | 舅	自己→第1代祖輩(母係男)→兄弟	舅舅 | 舅父		True	自己→第1代祖輩(母係男)→兄弟	舅舅 | 舅父		True	
236	222 | 226	m,lb,w | m,xb,w	m,lb,w | m,xb,w	M.YB.SP	小舅妈 | 舅妈	小舅妈 | 小妗 | 细妗 | 舅妈 | 舅母 | 舅娘 | 娘妗 | 舅妻 | 舅姆 | 舅姆妈 | 舅媳妇 | 舅妇 | 舅姥 | 舅毑 | 老妗 | 妗子 | 妗妗 | 妗妗儿 | 妗爹 | 妗娘 | 妗爸 | 妗妈 | 妗母 | 阿妗 | 妗门 | 妗婆仔 | 妗儿妈 | 娘妗子 | 妗 | 嬢嬢	自己→第1代祖輩(母係女)→兄弟	舅媽 | 舅母		True	自己→第1代祖輩(母係女)→兄弟	舅媽 | 舅母		True	
237	229 | 232	m,ls | m,xs	m,ls | m,xs	M.YS	小姨 | 姨妈	小姨 | 姨仔 | 老姨 | 姨妈 | 姨母 | 姨姨 | 姨娘 | 阿姨 | 从母 | 几姨 | 姨 | 嬢嬢	自己→第1代祖輩(母係女)→姐妹	阿姨 | 姨母		True	自己→第1代祖輩(母係女)→姐妹	阿姨 | 姨母		True	
238	230 | 234	m,ls,h | m,xs,h	m,ls,h | m,xs,h	M.YS.SP	小姨丈 | 姨丈	小姨丈 | 小姨父 | 小姨夫 | 姨叔 | 姨丈 | 姨父 | 姨夫 | 姨爸 | 姨爹 | 姨婿 | 姨郎 | 尹	自己→第1代祖輩(母係男)→姐妹	姨父		True	自己→第1代祖輩(母係男)→姐妹	姨父		True	
239	353	ob	ob	OB	哥哥	哥哥 | 哥 | 胞兄 | 亲哥 | 兄亲 | 老哥 | 依哥 | 阿哥 | 兄台 | 大佬 | 家兄 | 兄长 | 元兄 | 长兄 | 几哥	哥哥	哥哥		True	哥哥	哥哥		True	
240	356 | 365	ob,d | xb,d	ob,d | xb,d	OB.D	侄女	侄女 | 兄女 | 侄囡 | 侄女儿 | 侄丫头 | 侄闺女	自己→第1代晚輩(子係女)→兄弟→子	姪女		True	自己→第1代晚輩(子係女)→兄弟→子	姪女		True	
241	367	xb,d,h	xb,d,h	OB.D.SP	侄女婿	侄女婿 | 侄婿 | 侄郎	自己→第1代晚輩(子係男)→兄弟→子	姪女婿		True	自己→第1代晚輩(子係男)→兄弟→子	姪女婿		True	
242	355 | 361	ob,s | xb,s	ob,s | xb,s	OB.S	侄子	侄子 | 兄子 | 侄男 | 侄儿子 | 侄小子 | 嫡侄 | 亲侄 | 侄儿 | 侄仔 | 阿侄 | 老侄 | 侄	自己→第1代晚輩(子係男)→兄弟→子	姪子		True	自己→第1代晚輩(子係男)→兄弟→子	姪子		True	
243	363	xb,s,w	xb,s,w	OB.S.SP	侄媳妇	侄媳妇 | 侄媳 | 侄嫂 | 侄妇	自己→第1代晚輩(子係女)→兄弟→子	姪媳婦		True	自己→第1代晚輩(子係女)→兄弟→子	姪媳婦		True	
244	354	ob,w	ob,w	OB.SP	嫂子	嫂子 | 嫂 | 嫂嫂 | 阿嫂 | 家嫂 | 兄姊 | 兄嫂 | 兄妇 | 兄妻 | 几嫂	自己→兄→配偶	嫂嫂 | 嫂子		True	自己→兄→配偶	嫂嫂 | 嫂子		True	
245	369	os	os	OS	姐姐	姐姐 | 姐 | 胞姐 | 亲姐 | 姊亲 | 老姐 | 依姐 | 阿姐 | 姊台 | 家姐 | 长姐 | 姊仔 | 几姐	姐姐	姐姐		True	姐姐	姐姐		True	
246	381	xs,d	xs,d	OS.D	外甥女	外甥女 | 甥女 | 甥囡 | 甥女儿 | 甥闺女	自己→第1代晚輩(女係女)→姐妹→子	外甥女		True	自己→第1代晚輩(女係女)→姐妹→子	外甥女		True	
247	383	xs,d,h	xs,d,h	OS.D.SP	甥女婿	甥女婿 | 甥婿 | 甥郎 | 甥儿息婿儿	自己→第1代晚輩(女係男)→姐妹→子	外甥婿		True	自己→第1代晚輩(女係男)→姐妹→子	外甥婿		True	
248	373	xs,s	xs,s	OS.S	外甥	外甥 | 甥子 | 甥男 | 甥儿 | 甥儿子 | 甥仔 | 甥	自己→第1代晚輩(女係男)→姐妹→子	外甥		True	自己→第1代晚輩(女係男)→姐妹→子	外甥		True	
249	379	xs,s,d	xs,s,d	OS.S.D	甥孙女	甥孙女 | 远甥女 | 弥甥女	自己→第2代晚輩(女係女)→姐妹→第2代晚輩	外甥孫女		True	自己→第2代晚輩(女係女)→姐妹→第2代晚輩	外甥孫女		True	
250	377	xs,s,s	xs,s,s	OS.S.S	甥孙	甥孙 | 远甥 | 弥甥	自己→第2代晚輩(女係男)→姐妹→第2代晚輩	外甥孫		True	自己→第2代晚輩(女係男)→姐妹→第2代晚輩	外甥孫		True	
251	375	xs,s,w	xs,s,w	OS.S.SP	甥媳妇	甥媳妇 | 甥媳 | 甥嫂 | 甥妇 | 甥儿息妇儿	自己→第1代晚輩(女係女)→姐妹→子	外甥媳		True	自己→第1代晚輩(女係女)→姐妹→子	外甥媳		True	
252	370	os,h	os,h	OS.SP	姐夫	姐夫 | 姐丈 | 姐婿 | 姐郎 | 姊兄 | 姐夫哥 | 胞姐夫	自己→姐→配偶	姐夫 | 連襟		True	自己→姐→配偶	姐夫 | 連襟		True	
253	385	s	s	S	儿子	儿子 | 男儿 | 息男 | 闺男 | 囝囝 | 囝男 | 囝儿 | 小子 | 娃子 | 男亲 | 伢子 | 长子 | 次子 | 幼子 | 儿 | 仔 | 囝 | 子 | 阿仔 | 仔仔 | 后生 | 公子 | 少爷 | 一世孙	兒子	兒子		True	兒子	兒子		True	
254	485	s,d	s,d	S.D	孙女	孙女 | 孙女儿 | 孙囡 | 孙囡儿 | 女孙 | 孙女子	自己→第2代晚輩(子系女)	孫女		True	自己→第2代晚輩(子系女)	孫女		True	
255	493	s,d,d	s,d,d	S.D.D	曾外孙女	曾外孙女 | 外息女	自己→第3代晚輩(子系女)	曾外孫女		True	自己→第3代晚輩(子系女)	曾外孫女		True	
256	497	s,d,d,d	s,d,d,d	S.D.D.D	曾外曾外孙女	曾外曾外孙女	自己→第4代晚輩(子系女)	玄外孫女		True	自己→第4代晚輩(子系女)	玄外孫女		True	
257	498	s,d,d,d,h	s,d,d,d,h	S.D.D.D.SP	曾外曾外孙女婿	曾外曾外孙女婿	自己→第4代晚輩(子系女)→配偶	玄外孫婿		True	自己→第4代晚輩(子系女)→配偶	玄外孫婿		True	
258	495	s,d,d,s	s,d,d,s	S.D.D.S	曾外曾外孙	曾外曾外孙	自己→第4代晚輩(子系男)	玄外孫子		True	自己→第4代晚輩(子系男)	玄外孫子		True	
259	496	s,d,d,s,w	s,d,d,s,w	S.D.D.S.SP	曾外曾外孙媳妇	曾外曾外孙媳妇	自己→第4代晚輩(子系男)→配偶	玄外孫媳		True	自己→第4代晚輩(子系男)→配偶	玄外孫媳		True	
260	494	s,d,d,h	s,d,d,h	S.D.D.SP	曾外孙女婿	曾外孙女婿	自己→第3代晚輩(子系女)→配偶	曾外孫婿		True	自己→第3代晚輩(子系女)→配偶	曾外孫婿		True	
261	487	s,d,s	s,d,s	S.D.S	曾外孙	曾外孙 | 外息仔	自己→第3代晚輩(子系男)	曾外孫子		True	自己→第3代晚輩(子系男)	曾外孫子		True	
262	491	s,d,s,d	s,d,s,d	S.D.S.D	曾外曾孙女	曾外曾孙女	自己→第4代晚輩(子系女)	玄孫女		True	自己→第4代晚輩(子系女)	玄孫女		True	
263	492	s,d,s,d,h	s,d,s,d,h	S.D.S.D.SP	曾外曾孙女婿	曾外曾孙女婿	自己→第4代晚輩(子系女)→配偶	玄孫婿		True	自己→第4代晚輩(子系女)→配偶	玄孫婿		True	
264	489	s,d,s,s	s,d,s,s	S.D.S.S	曾外曾孙	曾外曾孙	自己→第4代晚輩(子系男)	玄孫子		True	自己→第4代晚輩(子系男)	玄孫子		True	
265	490	s,d,s,s,w	s,d,s,s,w	S.D.S.S.SP	曾外曾孙媳妇	曾外曾孙媳妇	自己→第4代晚輩(子系男)→配偶	玄孫媳		True	自己→第4代晚輩(子系男)→配偶	玄孫媳		True	
266	488	s,d,s,w	s,d,s,w	S.D.S.SP	曾外孙媳妇	曾外孙媳妇	自己→第3代晚輩(子系男)→配偶	曾外孫媳		True	自己→第3代晚輩(子系男)→配偶	曾外孫媳		True	
267	486	s,d,h	s,d,h	S.D.SP	孙女婿	孙女婿 | 孙婿 | 孙郎 | 孙息婿	自己→第2代晚輩(子系女)→配偶	孫婿		True	自己→第2代晚輩(子系女)→配偶	孫婿		True	
268	407	s,s	s,s	S.S	孙子	孙子 | 孙男 | 孙男儿 | 孙儿 | 长孙 | 嗣孙 | 孙仔 | 孙囝 | 孙娃子 | 孙伢子 | 二世孙	自己→第2代晚輩(子系男)	孫子		True	自己→第2代晚輩(子系男)	孫子		True	
269	479	s,s,d	s,s,d	S.S.D	曾孙女	曾孙女 | 重孙女 | 息女	自己→第3代晚輩(子系女)	曾孫女		True	自己→第3代晚輩(子系女)	曾孫女		True	
270	483	s,s,d,d	s,s,d,d	S.S.D.D	玄外孙女	玄外孙女	自己→第4代晚輩(子系女)	玄外孫女		True	自己→第4代晚輩(子系女)	玄外孫女		True	
271	484	s,s,d,d,h	s,s,d,d,h	S.S.D.D.SP	玄外孙女婿	玄外孙女婿	自己→第4代晚輩(子系女)→配偶	玄外孫婿		True	自己→第4代晚輩(子系女)→配偶	玄外孫婿		True	
272	481	s,s,d,s	s,s,d,s	S.S.D.S	玄外孙	玄外孙	自己→第4代晚輩(子系男)	玄外孫子		True	自己→第4代晚輩(子系男)	玄外孫子		True	
273	482	s,s,d,s,w	s,s,d,s,w	S.S.D.S.SP	玄外孙媳妇	玄外孙媳妇	自己→第4代晚輩(子系男)→配偶	玄外孫媳		True	自己→第4代晚輩(子系男)→配偶	玄外孫媳		True	
274	480	s,s,d,h	s,s,d,h	S.S.D.SP	曾孙女婿	曾孙女婿	自己→第3代晚輩(子系女)→配偶	曾孫婿		True	自己→第3代晚輩(子系女)→配偶	曾孫婿		True	
275	409	s,s,s	s,s,s	S.S.S	曾孙	曾孙 | 曾孙男 | 重孙 | 重孙子 | 息仔 | 三世孙	自己→第3代晚輩(子系男)	曾孫子		True	自己→第3代晚輩(子系男)	曾孫子		True	
276	473	s,s,s,d	s,s,s,d	S.S.S.D	玄孙女	玄孙女 | 元孙女 | 膀孙女	自己→第4代晚輩(子系女)	玄孫女		True	自己→第4代晚輩(子系女)	玄孫女		True	
277	477	s,s,s,d,d	s,s,s,d,d	S.S.S.D.D	来外孙女	来外孙女	自己→第5代晚輩(子系女)	來外孫女		True	自己→第5代晚輩(子系女)	來外孫女		True	
278	478	s,s,s,d,d,h	s,s,s,d,d,h	S.S.S.D.D.SP	来外孙女婿	来外孙女婿	自己→第5代晚輩(子系女)→配偶	來外孫婿		True	自己→第5代晚輩(子系女)→配偶	來外孫婿		True	
279	475	s,s,s,d,s	s,s,s,d,s	S.S.S.D.S	来外孙	来外孙	自己→第5代晚輩(子系男)	來外孫子		True	自己→第5代晚輩(子系男)	來外孫子		True	
280	476	s,s,s,d,s,w	s,s,s,d,s,w	S.S.S.D.S.SP	来外孙媳妇	来外孙媳妇	自己→第5代晚輩(子系男)→配偶	來外孫媳		True	自己→第5代晚輩(子系男)→配偶	來外孫媳		True	
281	474	s,s,s,d,h	s,s,s,d,h	S.S.S.D.SP	玄孙女婿	玄孙女婿	自己→第4代晚輩(子系女)→配偶	玄孫婿		True	自己→第4代晚輩(子系女)→配偶	玄孫婿		True	
282	411	s,s,s,s	s,s,s,s	S.S.S.S	玄孙	玄孙 | 元孙 | 膀孙 | 重重孙 | 四世孙	自己→第4代晚輩(子系男)	玄孫子		True	自己→第4代晚輩(子系男)	玄孫子		True	
283	467	s,s,s,s,d	s,s,s,s,d	S.S.S.S.D	来孙女	来孙女	自己→第5代晚輩(子系女)	來孫女		True	自己→第5代晚輩(子系女)	來孫女		True	
284	471	s,s,s,s,d,d	s,s,s,s,d,d	S.S.S.S.D.D	晜外孙女	晜外孙女	自己→第6代晚輩(子系女)	晜外孫女		True	自己→第6代晚輩(子系女)	晜外孫女		True	
285	472	s,s,s,s,d,d,h	s,s,s,s,d,d,h	S.S.S.S.D.D.SP	晜外孙女婿	晜外孙女婿	自己→第6代晚輩(子系女)→配偶	晜外孫婿		True	自己→第6代晚輩(子系女)→配偶	晜外孫婿		True	
286	469	s,s,s,s,d,s	s,s,s,s,d,s	S.S.S.S.D.S	晜外孙	晜外孙	自己→第6代晚輩(子系男)	晜外孫子		True	自己→第6代晚輩(子系男)	晜外孫子		True	
287	470	s,s,s,s,d,s,w	s,s,s,s,d,s,w	S.S.S.S.D.S.SP	晜外孙媳妇	晜外孙媳妇	自己→第6代晚輩(子系男)→配偶	晜外孫媳		True	自己→第6代晚輩(子系男)→配偶	晜外孫媳		True	
288	468	s,s,s,s,d,h	s,s,s,s,d,h	S.S.S.S.D.SP	来孙女婿	来孙女婿	自己→第5代晚輩(子系女)→配偶	來孫婿		True	自己→第5代晚輩(子系女)→配偶	來孫婿		True	
289	413	s,s,s,s,s	s,s,s,s,s	S.S.S.S.S	来孙	来孙 | 五世孙	自己→第5代晚輩(子系男)	來孫子		True	自己→第5代晚輩(子系男)	來孫子		True	
290	461	s,s,s,s,s,d	s,s,s,s,s,d	S.S.S.S.S.D	晜孙女	晜孙女	自己→第6代晚輩(子系女)	晜孫女		True	自己→第6代晚輩(子系女)	晜孫女		True	
291	465	s,s,s,s,s,d,d	s,s,s,s,s,d,d	S.S.S.S.S.D.D	仍外孙女	仍外孙女	自己→第7代晚輩(子系女)	仍外孫女		True	自己→第7代晚輩(子系女)	仍外孫女		True	
292	466	s,s,s,s,s,d,d,h	s,s,s,s,s,d,d,h	S.S.S.S.S.D.D.SP	仍外孙女婿	仍外孙女婿	自己→第7代晚輩(子系女)→配偶	仍外孫婿		True	自己→第7代晚輩(子系女)→配偶	仍外孫婿		True	
293	463	s,s,s,s,s,d,s	s,s,s,s,s,d,s	S.S.S.S.S.D.S	仍外孙	仍外孙	自己→第7代晚輩(子系男)	仍外孫子		True	自己→第7代晚輩(子系男)	仍外孫子		True	
294	464	s,s,s,s,s,d,s,w	s,s,s,s,s,d,s,w	S.S.S.S.S.D.S.SP	仍外孙媳妇	仍外孙媳妇	自己→第7代晚輩(子系男)→配偶	仍外孫媳		True	自己→第7代晚輩(子系男)→配偶	仍外孫媳		True	
295	462	s,s,s,s,s,d,h	s,s,s,s,s,d,h	S.S.S.S.S.D.SP	晜孙女婿	晜孙女婿	自己→第6代晚輩(子系女)→配偶	晜孫婿		True	自己→第6代晚輩(子系女)→配偶	晜孫婿		True	
296	415	s,s,s,s,s,s	s,s,s,s,s,s	S.S.S.S.S.S	晜孙	晜孙 | 昆孙 | 六世孙	自己→第6代晚輩(子系男)	晜孫子		True	自己→第6代晚輩(子系男)	晜孫子		True	
297	455	s,s,s,s,s,s,d	s,s,s,s,s,s,d	S.S.S.S.S.S.D	仍孙女	仍孙女 | 礽孙女	自己→第7代晚輩(子系女)	仍孫女		True	自己→第7代晚輩(子系女)	仍孫女		True	
298	459	s,s,s,s,s,s,d,d	s,s,s,s,s,s,d,d	S.S.S.S.S.S.D.D	云外孙女	云外孙女	自己→第8代晚輩(子系女)	雲外孫女		True	自己→第8代晚輩(子系女)	雲外孫女		True	
299	460	s,s,s,s,s,s,d,d,h	s,s,s,s,s,s,d,d,h	S.S.S.S.S.S.D.D.SP	云外孙女婿	云外孙女婿	自己→第8代晚輩(子系女)→配偶	雲外孫婿		True	自己→第8代晚輩(子系女)→配偶	雲外孫婿		True	
300	457	s,s,s,s,s,s,d,s	s,s,s,s,s,s,d,s	S.S.S.S.S.S.D.S	云外孙	云外孙	自己→第8代晚輩(子系男)	雲外孫子		True	自己→第8代晚輩(子系男)	雲外孫子		True	
301	458	s,s,s,s,s,s,d,s,w	s,s,s,s,s,s,d,s,w	S.S.S.S.S.S.D.S.SP	云外孙媳妇	云外孙媳妇	自己→第8代晚輩(子系男)→配偶	雲外孫媳		True	自己→第8代晚輩(子系男)→配偶	雲外孫媳		True	
302	456	s,s,s,s,s,s,d,h	s,s,s,s,s,s,d,h	S.S.S.S.S.S.D.SP	仍孙女婿	仍孙女婿	自己→第7代晚輩(子系女)→配偶	仍孫婿		True	自己→第7代晚輩(子系女)→配偶	仍孫婿		True	
303	417	s,s,s,s,s,s,s	s,s,s,s,s,s,s	S.S.S.S.S.S.S	仍孙	仍孙 | 礽孙 | 七世孙	自己→第7代晚輩(子系男)	仍孫子		True	自己→第7代晚輩(子系男)	仍孫子		True	
304	449	s,s,s,s,s,s,s,d	s,s,s,s,s,s,s,d	S.S.S.S.S.S.S.D	云孙女	云孙女	自己→第8代晚輩(子系女)	雲孫女		True	自己→第8代晚輩(子系女)	雲孫女		True	
305	453	s,s,s,s,s,s,s,d,d	s,s,s,s,s,s,s,d,d	S.S.S.S.S.S.S.D.D	耳外孙女	耳外孙女	自己→第9代晚輩(子系女)	8代外孫女		True	自己→第9代晚輩(子系女)	8代外孫女		True	
306	454	s,s,s,s,s,s,s,d,d,h	s,s,s,s,s,s,s,d,d,h	S.S.S.S.S.S.S.D.D.SP	耳外孙女婿	耳外孙女婿	自己→第9代晚輩(子系女)→配偶	8代外孫婿		True	自己→第9代晚輩(子系女)→配偶	8代外孫婿		True	
307	451	s,s,s,s,s,s,s,d,s	s,s,s,s,s,s,s,d,s	S.S.S.S.S.S.S.D.S	耳外孙	耳外孙	自己→第9代晚輩(子系男)	8代外孫子		True	自己→第9代晚輩(子系男)	8代外孫子		True	
308	452	s,s,s,s,s,s,s,d,s,w	s,s,s,s,s,s,s,d,s,w	S.S.S.S.S.S.S.D.S.SP	耳外孙媳妇	耳外孙媳妇	自己→第9代晚輩(子系男)→配偶	8代外孫媳		True	自己→第9代晚輩(子系男)→配偶	8代外孫媳		True	
309	450	s,s,s,s,s,s,s,d,h	s,s,s,s,s,s,s,d,h	S.S.S.S.S.S.S.D.SP	云孙女婿	云孙女婿	自己→第8代晚輩(子系女)→配偶	雲孫婿		True	自己→第8代晚輩(子系女)→配偶	雲孫婿		True	
310	419	s,s,s,s,s,s,s,s	s,s,s,s,s,s,s,s	S.S.S.S.S.S.S.S	云孙	云孙 | 八世孙	自己→第8代晚輩(子系男)	雲孫子		True	自己→第8代晚輩(子系男)	雲孫子		True	
311	443	s,s,s,s,s,s,s,s,d	s,s,s,s,s,s,s,s,d	S.S.S.S.S.S.S.S.D	耳孙女	耳孙女	自己→第9代晚輩(子系女)	8代孫女		True	自己→第9代晚輩(子系女)	8代孫女		True	
312	447	s,s,s,s,s,s,s,s,d,d	s,s,s,s,s,s,s,s,d,d	S.S.S.S.S.S.S.S.D.D	弥外孙女	弥外孙女	自己→第10代晚輩(子系女)	9代外孫女		True	自己→第10代晚輩(子系女)	9代外孫女		True	
313	448	s,s,s,s,s,s,s,s,d,d,h	s,s,s,s,s,s,s,s,d,d,h	S.S.S.S.S.S.S.S.D.D.SP	弥外孙女婿	弥外孙女婿	自己→第10代晚輩(子系女)→配偶	9代外孫婿		True	自己→第10代晚輩(子系女)→配偶	9代外孫婿		True	
314	445	s,s,s,s,s,s,s,s,d,s	s,s,s,s,s,s,s,s,d,s	S.S.S.S.S.S.S.S.D.S	弥外孙	弥外孙	自己→第10代晚輩(子系男)	9代外孫子		True	自己→第10代晚輩(子系男)	9代外孫子		True	
315	446	s,s,s,s,s,s,s,s,d,s,w	s,s,s,s,s,s,s,s,d,s,w	S.S.S.S.S.S.S.S.D.S.SP	弥外孙媳妇	弥外孙媳妇	自己→第10代晚輩(子系男)→配偶	9代外孫媳		True	自己→第10代晚輩(子系男)→配偶	9代外孫媳		True	
316	444	s,s,s,s,s,s,s,s,d,h	s,s,s,s,s,s,s,s,d,h	S.S.S.S.S.S.S.S.D.SP	耳孙女婿	耳孙女婿	自己→第9代晚輩(子系女)→配偶	8代孫婿		True	自己→第9代晚輩(子系女)→配偶	8代孫婿		True	
317	421	s,s,s,s,s,s,s,s,s	s,s,s,s,s,s,s,s,s	S.S.S.S.S.S.S.S.S	耳孙	耳孙 | 远孙 | 裔孙 | 季孙 | 九世孙	自己→第9代晚輩(子系男)	8代孫子		True	自己→第9代晚輩(子系男)	8代孫子		True	
318	437	s,s,s,s,s,s,s,s,s,d	s,s,s,s,s,s,s,s,s,d	S.S.S.S.S.S.S.S.S.D	弥孙女	弥孙女	自己→第10代晚輩(子系女)	9代孫女		True	自己→第10代晚輩(子系女)	9代孫女		True	
319	441	s,s,s,s,s,s,s,s,s,d,d	s,s,s,s,s,s,s,s,s,d,d	S.S.S.S.S.S.S.S.S.D.D	胎外孙女	胎外孙女	自己→第11代晚輩(子系女)	10代外孫女		True	自己→第11代晚輩(子系女)	10代外孫女		True	
320	442	s,s,s,s,s,s,s,s,s,d,d,h	s,s,s,s,s,s,s,s,s,d,d,h	S.S.S.S.S.S.S.S.S.D.D.SP	胎外孙女婿	胎外孙女婿	自己→第11代晚輩(子系女)→配偶	10代外孫婿		True	自己→第11代晚輩(子系女)→配偶	10代外孫婿		True	
321	439	s,s,s,s,s,s,s,s,s,d,s	s,s,s,s,s,s,s,s,s,d,s	S.S.S.S.S.S.S.S.S.D.S	胎外孙	胎外孙	自己→第11代晚輩(子系男)	10代外孫子		True	自己→第11代晚輩(子系男)	10代外孫子		True	
322	440	s,s,s,s,s,s,s,s,s,d,s,w	s,s,s,s,s,s,s,s,s,d,s,w	S.S.S.S.S.S.S.S.S.D.S.SP	胎外孙媳妇	胎外孙媳妇	自己→第11代晚輩(子系男)→配偶	10代外孫媳		True	自己→第11代晚輩(子系男)→配偶	10代外孫媳		True	
323	438	s,s,s,s,s,s,s,s,s,d,h	s,s,s,s,s,s,s,s,s,d,h	S.S.S.S.S.S.S.S.S.D.SP	弥孙女婿	弥孙女婿	自己→第10代晚輩(子系女)→配偶	9代孫婿		True	自己→第10代晚輩(子系女)→配偶	9代孫婿		True	
324	423	s,s,s,s,s,s,s,s,s,s	s,s,s,s,s,s,s,s,s,s	S.S.S.S.S.S.S.S.S.S	弥孙	弥孙 | 十世孙	自己→第10代晚輩(子系男)	9代孫子		True	自己→第10代晚輩(子系男)	9代孫子		True	
325	431	s,s,s,s,s,s,s,s,s,s,d	s,s,s,s,s,s,s,s,s,s,d	S.S.S.S.S.S.S.S.S.S.D	胎孙女	胎孙女	自己→第11代晚輩(子系女)	10代孫女		True	自己→第11代晚輩(子系女)	10代孫女		True	
326	435	s,s,s,s,s,s,s,s,s,s,d,d	s,s,s,s,s,s,s,s,s,s,d,d	S.S.S.S.S.S.S.S.S.S.D.D	承外孙女	承外孙女	自己→第12代晚輩(子系女)	11代外孫女		True	自己→第12代晚輩(子系女)	11代外孫女		True	
327	436	s,s,s,s,s,s,s,s,s,s,d,d,h	s,s,s,s,s,s,s,s,s,s,d,d,h	S.S.S.S.S.S.S.S.S.S.D.D.SP	承外孙女婿	承外孙女婿	自己→第12代晚輩(子系女)→配偶	11代外孫婿		True	自己→第12代晚輩(子系女)→配偶	11代外孫婿		True	
328	433	s,s,s,s,s,s,s,s,s,s,d,s	s,s,s,s,s,s,s,s,s,s,d,s	S.S.S.S.S.S.S.S.S.S.D.S	承外孙	承外孙	自己→第12代晚輩(子系男)	11代外孫子		True	自己→第12代晚輩(子系男)	11代外孫子		True	
329	434	s,s,s,s,s,s,s,s,s,s,d,s,w	s,s,s,s,s,s,s,s,s,s,d,s,w	S.S.S.S.S.S.S.S.S.S.D.S.SP	承外孙媳妇	承外孙媳妇	自己→第12代晚輩(子系男)→配偶	11代外孫媳		True	自己→第12代晚輩(子系男)→配偶	11代外孫媳		True	
330	432	s,s,s,s,s,s,s,s,s,s,d,h	s,s,s,s,s,s,s,s,s,s,d,h	S.S.S.S.S.S.S.S.S.S.D.SP	胎孙女婿	胎孙女婿	自己→第11代晚輩(子系女)→配偶	10代孫婿		True	自己→第11代晚輩(子系女)→配偶	10代孫婿		True	
331	425	s,s,s,s,s,s,s,s,s,s,s	s,s,s,s,s,s,s,s,s,s,s	S.S.S.S.S.S.S.S.S.S.S	胎孙	胎孙 | 十一世孙	自己→第11代晚輩(子系男)	10代孫子		True	自己→第11代晚輩(子系男)	10代孫子		True	
332	429	s,s,s,s,s,s,s,s,s,s,s,d	s,s,s,s,s,s,s,s,s,s,s,d	S.S.S.S.S.S.S.S.S.S.S.D	承孙女	承孙女	自己→第12代晚輩(子系女)	11代孫女		True	自己→第12代晚輩(子系女)	11代孫女		True	
333	430	s,s,s,s,s,s,s,s,s,s,s,d,h	s,s,s,s,s,s,s,s,s,s,s,d,h	S.S.S.S.S.S.S.S.S.S.S.D.SP	承孙女婿	承孙女婿	自己→第12代晚輩(子系女)→配偶	11代孫婿		True	自己→第12代晚輩(子系女)→配偶	11代孫婿		True	
334	427	s,s,s,s,s,s,s,s,s,s,s,s	s,s,s,s,s,s,s,s,s,s,s,s	S.S.S.S.S.S.S.S.S.S.S.S	承孙	承孙 | 十二世孙	自己→第12代晚輩(子系男)	11代孫子		True	自己→第12代晚輩(子系男)	11代孫子		True	
335	428	s,s,s,s,s,s,s,s,s,s,s,s,w	s,s,s,s,s,s,s,s,s,s,s,s,w	S.S.S.S.S.S.S.S.S.S.S.S.SP	承孙媳妇	承孙媳妇	自己→第12代晚輩(子系男)→配偶	11代孫媳		True	自己→第12代晚輩(子系男)→配偶	11代孫媳		True	
336	426	s,s,s,s,s,s,s,s,s,s,s,w	s,s,s,s,s,s,s,s,s,s,s,w	S.S.S.S.S.S.S.S.S.S.S.SP	胎孙媳妇	胎孙媳妇	自己→第11代晚輩(子系男)→配偶	10代孫媳		True	自己→第11代晚輩(子系男)→配偶	10代孫媳		True	
337	424	s,s,s,s,s,s,s,s,s,s,w	s,s,s,s,s,s,s,s,s,s,w	S.S.S.S.S.S.S.S.S.S.SP	弥孙媳妇	弥孙媳妇	自己→第10代晚輩(子系男)→配偶	9代孫媳		True	自己→第10代晚輩(子系男)→配偶	9代孫媳		True	
338	422	s,s,s,s,s,s,s,s,s,w	s,s,s,s,s,s,s,s,s,w	S.S.S.S.S.S.S.S.S.SP	耳孙媳妇	耳孙媳妇	自己→第9代晚輩(子系男)→配偶	8代孫媳		True	自己→第9代晚輩(子系男)→配偶	8代孫媳		True	
339	420	s,s,s,s,s,s,s,s,w	s,s,s,s,s,s,s,s,w	S.S.S.S.S.S.S.S.SP	云孙媳妇	云孙媳妇	自己→第8代晚輩(子系男)→配偶	雲孫媳		True	自己→第8代晚輩(子系男)→配偶	雲孫媳		True	
340	418	s,s,s,s,s,s,s,w	s,s,s,s,s,s,s,w	S.S.S.S.S.S.S.SP	仍孙媳妇	仍孙媳妇	自己→第7代晚輩(子系男)→配偶	仍孫媳		True	自己→第7代晚輩(子系男)→配偶	仍孫媳		True	
341	416	s,s,s,s,s,s,w	s,s,s,s,s,s,w	S.S.S.S.S.S.SP	晜孙媳妇	晜孙媳妇	自己→第6代晚輩(子系男)→配偶	晜孫媳		True	自己→第6代晚輩(子系男)→配偶	晜孫媳		True	
342	414	s,s,s,s,s,w	s,s,s,s,s,w	S.S.S.S.S.SP	来孙媳妇	来孙媳妇	自己→第5代晚輩(子系男)→配偶	來孫媳		True	自己→第5代晚輩(子系男)→配偶	來孫媳		True	
343	412	s,s,s,s,w	s,s,s,s,w	S.S.S.S.SP	玄孙媳妇	玄孙媳妇	自己→第4代晚輩(子系男)→配偶	玄孫媳		True	自己→第4代晚輩(子系男)→配偶	玄孫媳		True	
344	410	s,s,s,w	s,s,s,w	S.S.S.SP	曾孙妇	曾孙妇 | 重孙媳妇	自己→第3代晚輩(子系男)→配偶	曾孫媳		True	自己→第3代晚輩(子系男)→配偶	曾孫媳		True	
345	408	s,s,w	s,s,w	S.S.SP	孙媳妇	孙媳妇 | 孙媳 | 孙妇 | 孙息妇 | 孙新妇	自己→第2代晚輩(子系男)→配偶	孫媳		True	自己→第2代晚輩(子系男)→配偶	孫媳		True	
346	386	s,w	s,w	S.SP	儿媳	儿媳 | 儿媳妇 | 息妇儿 | 儿媳妇儿 | 新妇 | 新妇囝 | 心抱 | 息妇 | 儿妇 | 子妇 | 小妇 | 少奶奶 | 少夫人	自己→第1代晚輩(子系男)→配偶	兒媳		True	自己→第1代晚輩(子系男)→配偶	兒媳		True	
347	387	s,w,f	s,w,f	S.SP.F	亲家公	亲家公	子女的配偶的父母	親家公		True	子女的配偶的父母	親家公		True	
348	388 | 389	s,w,f,f&o | s,w,f,f&l	s,w,f,f	S.SP.F.F	姻伯 | 姻叔	姻伯 | 姻叔	自己→男→配偶→其親屬	男眷父		True	自己→男→配偶→其親屬	男眷父		True	
349	390	s,w,m	s,w,m	S.SP.M	亲家母	亲家母	子女的配偶的父母	親家母		True	子女的配偶的父母	親家母		True	
350	391	s,w,xb	s,w,xb	S.SP.OB	姻侄	姻侄 | 世侄	子女的配偶的兄弟姐妹	姻姪		True	子女的配偶的兄弟姐妹	姻姪		True	
351	397	s,w,xb,d	s,w,xb,d	S.SP.OB.D	姻侄孙女	姻侄孙女	自己→男→配偶→其親屬	男眷孫女		True	自己→男→配偶→其親屬	男眷孫女		True	
352	395	s,w,xb,s	s,w,xb,s	S.SP.OB.S	姻侄孙	姻侄孙	自己→男→配偶→其親屬	男眷孫男		True	自己→男→配偶→其親屬	男眷孫男		True	
353	393	s,w,xb,w	s,w,xb,w	S.SP.OB.SP	姻侄媳	姻侄媳	子的配偶的兄的配偶	子的配偶的兄的配偶		False	子的配偶的兄的配偶	子的配偶的兄的配偶		False	
354	399	s,w,xs	s,w,xs	S.SP.OS	姻侄女	姻侄女	子女的配偶的兄弟姐妹	姻姪女		True	子女的配偶的兄弟姐妹	姻姪女		True	
355	405	s,w,xs,d	s,w,xs,d	S.SP.OS.D	姻侄外孙女	姻侄外孙女	自己→男→配偶→其親屬	男眷外孫女		True	自己→男→配偶→其親屬	男眷外孫女		True	
356	403	s,w,xs,s	s,w,xs,s	S.SP.OS.S	姻侄外孙	姻侄外孙	自己→男→配偶→其親屬	男眷外孫男		True	自己→男→配偶→其親屬	男眷外孫男		True	
357	401	s,w,xs,h	s,w,xs,h	S.SP.OS.SP	姻侄婿	姻侄婿	子的配偶的姐的配偶	子的配偶的姐的配偶		False	子的配偶的姐的配偶	子的配偶的姐的配偶		False	
358	392	s,w,xb	s,w,xb	S.SP.YB	姻侄	姻侄 | 世侄	子女的配偶的兄弟姐妹	姻姪		True	子女的配偶的兄弟姐妹	姻姪		True	
359	398	s,w,xb,d	s,w,xb,d	S.SP.YB.D	姻侄孙女	姻侄孙女	自己→男→配偶→其親屬	男眷孫女		True	自己→男→配偶→其親屬	男眷孫女		True	
360	396	s,w,xb,s	s,w,xb,s	S.SP.YB.S	姻侄孙	姻侄孙	自己→男→配偶→其親屬	男眷孫男		True	自己→男→配偶→其親屬	男眷孫男		True	
361	394	s,w,xb,w	s,w,xb,w	S.SP.YB.SP	姻侄媳	姻侄媳	子的配偶的弟的配偶	子的配偶的弟的配偶		False	子的配偶的弟的配偶	子的配偶的弟的配偶		False	
362	400	s,w,xs	s,w,xs	S.SP.YS	姻侄女	姻侄女	子女的配偶的兄弟姐妹	姻姪女		True	子女的配偶的兄弟姐妹	姻姪女		True	
363	406	s,w,xs,d	s,w,xs,d	S.SP.YS.D	姻侄外孙女	姻侄外孙女	自己→男→配偶→其親屬	男眷外孫女		True	自己→男→配偶→其親屬	男眷外孫女		True	
364	404	s,w,xs,s	s,w,xs,s	S.SP.YS.S	姻侄外孙	姻侄外孙	自己→男→配偶→其親屬	男眷外孫男		True	自己→男→配偶→其親屬	男眷外孫男		True	
365	402	s,w,xs,h	s,w,xs,h	S.SP.YS.SP	姻侄婿	姻侄婿	子的配偶的妹的配偶	子的配偶的妹的配偶		False	子的配偶的妹的配偶	子的配偶的妹的配偶		False	
366	281 | 328	h | w	h | w	SP	老公 | 老婆	老公 | 丈夫 | 先生 | 夫 | 男人 | 新郎 | 爱爷 | 夫亲 | 夫君 | 官人 | 汉子 | 老头子 | 郎君 | 相公 | 夫婿 | 良人 | 老公仔 | 爱人 | 老伴 | 那口子 | 配偶 | 伴侣 | 伉俪 | 卿卿 | 老婆 | 妻子 | 媳妇 | 媳妇儿 | 媳妇子 | 太太 | 妻 | 女人 | 新娘 | 爱姥 | 妻亲 | 娘子 | 新娘子 | 夫人 | 婆娘 | 老太婆 | 内人 | 内子 | 内助 | 贤内助 | 爱妻 | 发妻 | 婆姨 | 婆子 | 老婆子 | 老婆儿 | 老婆仔 | 堂客	配偶	配偶		True	配偶	配偶		True	
367	263 | 326	h,f | w,f	h,f | w,f	SP.F	公公 | 岳父	公公 | 公父 | 家公 | 家爷 | 大官 | 老公公 | 老人公 | 大人公 | 公公爸 | 公爹 | 翁亲 | 君舅 | 老公爹 | 家官 | 老官 | 婆父 | 婆爹 | 岳父 | 丈人 | 老丈人 | 外父 | 泰山 | 外舅 | 老亲爷 | 丈人爹 | 老干爷 | 丈人公 | 丈母爷 | 丈爷 | 丈爷爹 | 丈父 | 岳老子 | 老丈杆子 | 岳丈 | 岳翁 | 妻公 | 妇翁 | 冰翁	自己→第1代祖輩(母係男)→配偶→第1代祖輩(男)	岳父 | 丈人|老丈人		True	自己→第1代祖輩(父係男)→配偶→第1代祖輩(男)	公公 | 老爺		True	
368	259 | 310	h,f,f | w,f,f	h,f,f | w,f,f	SP.F.F	祖公父 | 祖岳父	祖公父 | 祖公 | 祖公公 | 祖翁 | 奶公父 | 祖岳父 | 太岳父 | 奶岳父 | 祖丈人 | 爷丈人 | 奶爷丈人 | 奶丈爷 | 奶丈人 | 老丈爷	自己→配偶→第2代祖輩(父系男)	岳祖父		True	自己→配偶→第2代祖輩(父系男)	祖父		True	
369	243 | 302	h,f,f,f | w,f,f,f	h,f,f,f | w,f,f,f	SP.F.F.F	曾祖公父 | 曾祖岳父	曾祖公父 | 曾祖公 | 太公翁 | 曾祖岳父 | 曾祖丈人 | 太爷丈人 | 祖爷丈人	自己→配偶→第3代祖輩(父系男)	岳曾祖父		True	自己→配偶→第3代祖輩(父系男)	曾祖父		True	
370	251	h,f,f,f,ob	h,f,f,f,ob	SP.F.F.F.OB	伯曾祖公父	伯曾祖公父 | 伯曾祖公 | 太伯翁	自己→配偶→第3代祖輩(父系入線)→兄弟姐妹(男)	岳伯曾祖父	伯公 | 伯祖父	True	自己→配偶→第3代祖輩(父系入線)→兄弟姐妹(男)	伯曾祖父	伯公 | 伯祖父	True	
371	252	h,f,f,f,ob,w	h,f,f,f,ob,w	SP.F.F.F.OB.SP	伯曾祖婆母	伯曾祖婆母 | 伯曾祖婆 | 太姆婆	自己→配偶→第3代祖輩(父系入線)→兄弟姐妹(女)→配偶	岳伯曾祖母	伯婆 | 伯祖母	True	自己→配偶→第3代祖輩(父系入線)→兄弟姐妹(女)→配偶	伯曾祖母	伯婆 | 伯祖母	True	
372	255	h,f,f,f,xs	h,f,f,f,xs	SP.F.F.F.OS	姑曾祖婆母	姑曾祖婆母 | 姑曾祖婆	自己→配偶→第3代祖輩(父系入線)→兄弟姐妹(女)	岳姑曾祖母	姑婆 | 姑祖母	True	自己→配偶→第3代祖輩(父系入線)→兄弟姐妹(女)	姑曾祖母	姑婆 | 姑祖母	True	
373	257	h,f,f,f,xs,h	h,f,f,f,xs,h	SP.F.F.F.OS.SP	姑曾祖公父	姑曾祖公父 | 姑曾祖婆	自己→配偶→第3代祖輩(父系入線)→兄弟姐妹(男)→配偶	岳姑曾祖父	姑丈公 | 姑祖父	True	自己→配偶→第3代祖輩(父系入線)→兄弟姐妹(男)→配偶	姑曾祖父	姑丈公 | 姑祖父	True	
374	253	h,f,f,f,lb	h,f,f,f,lb	SP.F.F.F.YB	叔曾祖公父	叔曾祖公父 | 叔曾祖公 | 太叔翁	自己→配偶→第3代祖輩(父系入線)→兄弟姐妹(男)	岳叔曾祖父	叔公 | 叔祖父	True	自己→配偶→第3代祖輩(父系入線)→兄弟姐妹(男)	叔曾祖父	叔公 | 叔祖父	True	
375	254	h,f,f,f,lb,w	h,f,f,f,lb,w	SP.F.F.F.YB.SP	叔曾祖婆母	叔曾祖婆母 | 叔曾祖婆 | 太婶婆	自己→配偶→第3代祖輩(父系入線)→兄弟姐妹(女)→配偶	岳叔曾祖母	叔婆 | 叔祖母	True	自己→配偶→第3代祖輩(父系入線)→兄弟姐妹(女)→配偶	叔曾祖母	叔婆 | 叔祖母	True	
376	256	h,f,f,f,xs	h,f,f,f,xs	SP.F.F.F.YS	姑曾祖婆母	姑曾祖婆母 | 姑曾祖婆	自己→配偶→第3代祖輩(父系入線)→兄弟姐妹(女)	岳姑曾祖母	姑婆 | 姑祖母	True	自己→配偶→第3代祖輩(父系入線)→兄弟姐妹(女)	姑曾祖母	姑婆 | 姑祖母	True	
377	258	h,f,f,f,xs,h	h,f,f,f,xs,h	SP.F.F.F.YS.SP	姑曾祖公父	姑曾祖公父 | 姑曾祖婆	自己→配偶→第3代祖輩(父系入線)→兄弟姐妹(男)→配偶	岳姑曾祖父	姑丈公 | 姑祖父	True	自己→配偶→第3代祖輩(父系入線)→兄弟姐妹(男)→配偶	姑曾祖父	姑丈公 | 姑祖父	True	
378	244 | 303	h,f,f,m | w,f,f,m	h,f,f,m | w,f,f,m	SP.F.F.M	曾祖婆母 | 曾祖岳母	曾祖婆母 | 曾祖婆 | 太奶亲 | 曾祖岳母 | 曾祖丈母 | 曾祖丈母娘 | 祖奶丈母娘 | 太奶丈母娘	自己→配偶→第3代祖輩(父系女)	岳曾祖母		True	自己→配偶→第3代祖輩(父系女)	曾祖母		True	
379	316 | 320	w,f,f,xb,s&o | w,f,f,xb,s&l	w,f,f,xb,s	SP.F.F.OB.S	姻伯丈 | 姻叔丈	姻伯丈 | 姻叔丈	自己→配偶→第2代祖輩(父系)分支→第1代長輩	岳堂伯	堂伯	True	自己→配偶→第2代祖輩(父系)分支→第1代長輩	堂伯	堂伯	True	
380	318 | 322	w,f,f,xb,s&o,w | w,f,f,xb,s&l,w	w,f,f,xb,s,w	SP.F.F.OB.S.SP	姻姆 | 姻婶	姻姆 | 姻婶	自己→配偶→第2代祖輩(父系)分支→第1代長輩→配偶	岳堂伯母	堂伯母	True	自己→配偶→第2代祖輩(父系)分支→第1代長輩→配偶	堂伯母	堂伯母	True	
381	317 | 321	w,f,f,xb,s&o | w,f,f,xb,s&l	w,f,f,xb,s	SP.F.F.YB.S	姻伯丈 | 姻叔丈	姻伯丈 | 姻叔丈	自己→配偶→第2代祖輩(父系)分支→第1代長輩	岳堂叔	堂叔	True	自己→配偶→第2代祖輩(父系)分支→第1代長輩	堂叔	堂叔	True	
382	319 | 323	w,f,f,xb,s&o,w | w,f,f,xb,s&l,w	w,f,f,xb,s,w	SP.F.F.YB.S.SP	姻姆 | 姻婶	姻姆 | 姻婶	自己→配偶→第2代祖輩(父系)分支→第1代長輩→配偶	岳堂嬸	堂嬸	True	自己→配偶→第2代祖輩(父系)分支→第1代長輩→配偶	堂嬸	堂嬸	True	
383	260 | 311	h,f,m | w,f,m	h,f,m | w,f,m	SP.F.M	祖婆母 | 祖岳母	祖婆母 | 祖婆 | 祖婆婆 | 奶婆母 | 祖岳母 | 太岳母 | 奶岳母 | 祖丈母 | 祖丈母娘 | 奶丈母娘 | 奶丈姥 | 奶丈母 | 老丈姥	自己→配偶→第2代祖輩(父系女)	岳祖母		True	自己→配偶→第2代祖輩(父系女)	祖母		True	
384	245 | 304	h,f,m,f | w,f,m,f	h,f,m,f | w,f,m,f	SP.F.M.F	曾外祖公父 | 曾外祖岳父	曾外祖公父 | 曾外祖公 | 曾外祖岳父 | 曾外祖丈人 | 祖姥爷丈人 | 太姥爷丈	自己→配偶→第3代祖輩(父系男)	岳曾外祖父		True	自己→配偶→第3代祖輩(父系男)	曾外祖父		True	
385	246 | 305	h,f,m,m | w,f,m,m	h,f,m,m | w,f,m,m	SP.F.M.M	曾外祖婆母 | 曾外祖岳母	曾外祖婆母 | 曾外祖婆 | 曾外祖岳母 | 曾外祖丈母 | 曾外祖丈母娘 | 祖姥丈母娘 | 太姥丈母娘	自己→配偶→第3代祖輩(父系女)	岳曾外祖母		True	自己→配偶→第3代祖輩(父系女)	曾外祖母		True	
386	265 | 312	h,f,ob | w,f,ob	h,f,ob | w,f,ob	SP.F.OB	伯公父 | 伯岳父	伯公父 | 伯公 | 伯翁 | 伯公公 | 伯祖 | 婆婆伯 | 伯岳父	配偶的旁係長輩	伯岳父 | 伯公|伯婆		True	配偶的旁係長輩	伯岳父 | 伯公|伯婆		True	
387	266 | 313	h,f,ob,w | w,f,ob,w	h,f,ob,w | w,f,ob,w	SP.F.OB.SP	伯婆母 | 伯岳母	伯婆母 | 伯婆 | 姆婆 | 伯婆婆 | 伯姆 | 婆婆伯姆 | 伯岳母	配偶的父的兄的配偶	配偶的父的兄的配偶		False	配偶的父的兄的配偶	配偶的父的兄的配偶		False	
388	269	h,f,xs	h,f,xs	SP.F.OS	姑婆母	姑婆母 | 姑婆 | 姑婆婆 | 婆婆姑	配偶的旁係長輩	姑岳母 | 姑公|姑婆		True	配偶的旁係長輩	姑岳母 | 姑公|姑婆		True	
389	271	h,f,xs,h	h,f,xs,h	SP.F.OS.SP	姑公父	姑公父 | 姑公 | 姑公公 | 婆婆姑夫	配偶的父的姐的配偶	配偶的父的姐的配偶		False	配偶的父的姐的配偶	配偶的父的姐的配偶		False	
390	267 | 314	h,f,lb | w,f,lb	h,f,lb | w,f,lb	SP.F.YB	叔公父 | 叔岳父	叔公父 | 叔公 | 叔翁 | 叔公公 | 叔祖 | 婆婆叔 | 叔岳父	配偶的旁係長輩	叔岳父 | 叔公|叔婆		True	配偶的旁係長輩	叔岳父 | 叔公|叔婆		True	
391	268 | 315	h,f,lb,w | w,f,lb,w	h,f,lb,w | w,f,lb,w	SP.F.YB.SP	叔婆母 | 叔岳母	叔婆母 | 叔婆 | 婶婆 | 婶婆婆 | 婶亲 | 婆婆婶子 | 叔岳母	配偶的父的弟的配偶	配偶的父的弟的配偶		False	配偶的父的弟的配偶	配偶的父的弟的配偶		False	
392	270	h,f,xs	h,f,xs	SP.F.YS	姑婆母	姑婆母 | 姑婆 | 姑婆婆 | 婆婆姑	配偶的旁係長輩	姑岳母 | 姑公|姑婆		True	配偶的旁係長輩	姑岳母 | 姑公|姑婆		True	
393	272	h,f,xs,h	h,f,xs,h	SP.F.YS.SP	姑公父	姑公父 | 姑公 | 姑公公 | 婆婆姑夫	配偶的父的妹的配偶	配偶的父的妹的配偶		False	配偶的父的妹的配偶	配偶的父的妹的配偶		False	
394	264 | 327	h,m | w,m	h,m | w,m	SP.M	婆婆 | 岳母	婆婆 | 婆母 | 家婆 | 家娘 | 大家 | 老婆婆 | 老人婆 | 大人婆 | 婆婆妈 | 婆妈 | 姑亲 | 君姑 | 婆母娘 | 婆子妈 | 阿姑 | 岳母 | 丈母 | 老丈母 | 外母 | 泰水 | 外姑 | 老亲娘 | 丈人娘 | 老干娘 | 丈人婆 | 丈母娘 | 丈姥 | 丈姥娘 | 丈姆 | 岳母娘 | 丈母婆 | 丈姆婆 | 丈姆娘	自己→第1代祖輩(母係女)→配偶→第1代祖輩(女)	岳母 | 丈母娘		True	自己→第1代祖輩(父係女)→配偶→第1代祖輩(女)	婆婆 | 奶奶		True	
395	261 | 324	h,m,f | w,m,f	h,m,f | w,m,f	SP.M.F	外祖公父 | 外祖岳父	外祖公父 | 毑公父 | 外祖公 | 外祖公公 | 姥公父 | 姥公 | 外祖岳父 | 毑岳父 | 外祖丈人爹 | 外祖丈人 | 外太岳父 | 姥岳父 | 姥丈爷 | 姥丈人 | 姥丈人爹 | 老丈爷 | 姥爷丈人	自己→配偶→第2代祖輩(母系男)	岳外祖父		True	自己→配偶→第2代祖輩(母系男)	外祖父		True	
396	247 | 306	h,m,f,f | w,m,f,f	h,m,f,f | w,m,f,f	SP.M.F.F	外曾祖公父 | 外曾祖岳父	外曾祖公父 | 外曾祖公 | 外曾祖岳父 | 外曾祖丈人 | 祖奶爷丈人 | 太奶爷丈人 | 祖姥爷丈人 | 太姥爷丈人	自己→配偶→第3代祖輩(母系男)	岳外曾祖父		True	自己→配偶→第3代祖輩(母系男)	外曾祖父		True	
397	248 | 307	h,m,f,m | w,m,f,m	h,m,f,m | w,m,f,m	SP.M.F.M	外曾祖婆母 | 外曾祖岳母	外曾祖婆母 | 外曾祖婆 | 外曾祖岳母 | 外曾祖丈母 | 太奶丈母娘 | 祖姥丈母娘 | 太姥丈母娘	自己→配偶→第3代祖輩(母系女)	岳外曾祖母		True	自己→配偶→第3代祖輩(母系女)	外曾祖母		True	
398	262 | 325	h,m,m | w,m,m	h,m,m | w,m,m	SP.M.M	外祖婆母 | 外祖岳母	外祖婆母 | 毑婆母 | 外祖婆 | 外祖婆婆 | 姥婆母 | 姥婆 | 外祖岳母 | 毑岳母 | 外祖丈母娘 | 外祖丈母 | 外太岳母 | 姥岳母 | 姥丈姥 | 姥丈母 | 姥丈母娘 | 老丈娘	自己→配偶→第2代祖輩(母系女)	岳外祖母		True	自己→配偶→第2代祖輩(母系女)	外祖母		True	
399	249 | 308	h,m,m,f | w,m,m,f	h,m,m,f | w,m,m,f	SP.M.M.F	外曾外祖公父 | 外曾外祖岳父	外曾外祖公父 | 外曾外祖公 | 外曾外祖岳父 | 外曾外祖丈人 | 祖姥爷丈人 | 太姥爷丈人	自己→配偶→第3代祖輩(母系男)	岳外曾外祖父		True	自己→配偶→第3代祖輩(母系男)	外曾外祖父		True	
400	250 | 309	h,m,m,m | w,m,m,m	h,m,m,m | w,m,m,m	SP.M.M.M	外曾外祖婆母 | 外曾外祖岳母	外曾外祖婆母 | 外曾外祖婆 | 外曾外祖岳母 | 外曾外祖丈母 | 外曾外祖丈母娘 | 祖姥丈母娘 | 太姥丈母娘	自己→配偶→第3代祖輩(母系女)	岳外曾外祖母		True	自己→配偶→第3代祖輩(母系女)	外曾外祖母		True	
401	273	h,m,xb	h,m,xb	SP.M.OB	舅公父	舅公父 | 舅公 | 舅公公	配偶的旁係長輩	舅岳父 | 舅公|舅婆		True	配偶的旁係長輩	舅岳父 | 舅公|舅婆		True	
402	275	h,m,xb,w	h,m,xb,w	SP.M.OB.SP	舅婆母	舅婆母 | 舅婆 | 妗婆婆 | 舅婆婆	配偶的母的兄的配偶	配偶的母的兄的配偶		False	配偶的母的兄的配偶	配偶的母的兄的配偶		False	
403	277	h,m,xs	h,m,xs	SP.M.OS	姨婆母	姨婆母 | 姨婆 | 姨婆婆	配偶的旁係長輩	姨岳母 | 姨公|姨婆		True	配偶的旁係長輩	姨岳母 | 姨公|姨婆		True	
404	279	h,m,xs,h	h,m,xs,h	SP.M.OS.SP	姨公父	姨公父 | 姨公 | 姨公公	配偶的母的姐的配偶	配偶的母的姐的配偶		False	配偶的母的姐的配偶	配偶的母的姐的配偶		False	
405	274	h,m,xb	h,m,xb	SP.M.YB	舅公父	舅公父 | 舅公 | 舅公公	配偶的旁係長輩	舅岳父 | 舅公|舅婆		True	配偶的旁係長輩	舅岳父 | 舅公|舅婆		True	
406	276	h,m,xb,w	h,m,xb,w	SP.M.YB.SP	舅婆母	舅婆母 | 舅婆 | 妗婆婆 | 舅婆婆	配偶的母的弟的配偶	配偶的母的弟的配偶		False	配偶的母的弟的配偶	配偶的母的弟的配偶		False	
407	278	h,m,xs	h,m,xs	SP.M.YS	姨婆母	姨婆母 | 姨婆 | 姨婆婆	配偶的旁係長輩	姨岳母 | 姨公|姨婆		True	配偶的旁係長輩	姨岳母 | 姨公|姨婆		True	
408	280	h,m,xs,h	h,m,xs,h	SP.M.YS.SP	姨公父	姨公父 | 姨公 | 姨公公	配偶的母的妹的配偶	配偶的母的妹的配偶		False	配偶的母的妹的配偶	配偶的母的妹的配偶		False	
409	282 | 329 | 333	h,ob | w,ob | w,xb	h,ob | w,ob | w,xb	SP.OB	大伯子 | 大舅子 | 舅子	大伯子 | 大伯儿 | 大伯兄 | 伯子 | 伯仔 | 伯兄 | 阿伯 | 大伯爷 | 伯爷子 | 婿伯 | 大舅子 | 大舅哥 | 大舅佬 | 大阿舅 | 丈人兄 | 舅哥 | 舅子 | 舅佬 | 妻舅 | 老婆舅 | 阿舅 | 亲家舅 | 舅老倌	自己→配偶→兄	大舅子 | 大舅哥		True	自己→配偶→兄	大伯子		True	
410	288 | 339	h,xb,d | w,xb,d	h,xb,d | w,xb,d	SP.OB.D	叔侄女 | 舅侄女	叔侄女 | 舅侄女	自己→第1代晚輩(女係女)→配偶→兄弟姐妹→子	內姪女		True	自己→第1代晚輩(子係女)→配偶→兄弟姐妹→子	姪女		True	
411	286 | 337	h,xb,s | w,xb,s	h,xb,s | w,xb,s	SP.OB.S	叔侄 | 舅侄	叔侄 | 舅侄	自己→第1代晚輩(女係男)→配偶→兄弟姐妹→子	內姪		True	自己→第1代晚輩(子係男)→配偶→兄弟姐妹→子	姪		True	
412	283 | 330 | 335	h,ob,w | w,ob,w | w,xb,w	h,ob,w | w,ob,w | w,xb,w	SP.OB.SP	大婶子 | 大舅妇 | 舅嫂	大婶子 | 大婶儿 | 大叔兄妇 | 伯兄妇 | 伯嫂 | 伯妇 | 伯姆 | 姒妇 | 姒姆 | 大伯嫂 | 姆姆 | 大姆 | 大伯妇 | 大伯娘 | 姐妇 | 阿姆 | 大舅妇 | 大妗子 | 大妗儿 | 大舅姆 | 大舅兄嫂 | 大舅嫂 | 大舅姐 | 大舅媳妇 | 丈人嫂 | 舅嫂 | 舅妇 | 舅姆 | 妻妗 | 妗仔 | 妗子 | 妗儿	自己→配偶→兄→配偶	舅嫂 | 大舅嫂		True	自己→配偶→兄→配偶	嫂子 | 嫂嫂		True	
413	290 | 294 | 341 | 345	h,os | h,xs | w,os | w,xs	h,os | h,xs | w,os | w,xs	SP.OS	大姑子 | 姑子 | 大姨子 | 姨子	大姑子 | 大姑姐 | 大姑儿 | 大姑娘 | 姑姊 | 婆姐 | 婆婆姐 | 大娘姑 | 姑子 | 夫姑 | 大姨子 | 大姨姐 | 大姨儿 | 姨姐 | 姨子 | 妻姨	自己→配偶→姐	大姨子 | 大姨姐		True	自己→配偶→姐	大姑子		True	
414	300 | 351	h,xs,d | w,xs,d	h,xs,d | w,xs,d	SP.OS.D	姑甥女 | 姨甥女	姑甥女 | 姨甥女	自己→第1代晚輩(女係女)→配偶→兄弟姐妹→子	姑甥女 | 外甥女		True	自己→第1代晚輩(子係女)→配偶→兄弟姐妹→子	姑甥女 | 外甥女		True	
415	298 | 349	h,xs,s | w,xs,s	h,xs,s | w,xs,s	SP.OS.S	姑甥 | 姨甥	姑甥 | 姨甥	自己→第1代晚輩(女係男)→配偶→兄弟姐妹→子	姑甥 | 外甥		True	自己→第1代晚輩(子係男)→配偶→兄弟姐妹→子	姑甥 | 外甥		True	
416	291 | 296 | 342 | 347	h,os,h | h,xs,h | w,os,h | w,xs,h	h,os,h | h,xs,h | w,os,h | w,xs,h	SP.OS.SP	大姑夫 | 姑夫 | 大姨夫 | 连襟	大姑夫 | 大姑姐夫 | 大亘子 | 婆姐夫 | 婆婆姐夫 | 姑夫 | 姑郎 | 大姨夫 | 大姨姐夫 | 姨姐夫 | 襟兄 | 大尹子 | 连襟 | 姨夫 | 连桥 | 两桥 | 两乔 | 姨夫爷 | 老襟 | 一担挑 | 老挑 | 挑担 | 担儿挑 | 连襟儿 | 襟兄弟 | 友婿 | 妻尹 | 娅	自己→配偶→姐→配偶	姐夫 | 連襟		True	自己→配偶→姐→配偶	姐夫		True	
417	284 | 331 | 334	h,lb | w,lb | w,xb	h,lb | w,lb | w,xb	SP.YB	小叔子 | 小舅子 | 舅子	小叔子 | 小叔儿 | 小叔弟 | 叔子 | 叔仔 | 叔弟 | 阿叔 | 叔郎 | 小郎 | 小舅子 | 小舅弟 | 小舅佬 | 小阿舅 | 丈人弟 | 舅弟 | 舅子 | 舅佬 | 妻舅 | 老婆舅 | 阿舅 | 亲家舅 | 舅老倌	自己→配偶→弟	小舅子		True	自己→配偶→弟	小叔子		True	
418	289 | 340	h,xb,d | w,xb,d	h,xb,d | w,xb,d	SP.YB.D	叔侄女 | 舅侄女	叔侄女 | 舅侄女	自己→第1代晚輩(女係女)→配偶→兄弟姐妹→子	內姪女		True	自己→第1代晚輩(子係女)→配偶→兄弟姐妹→子	姪女		True	
419	287 | 338	h,xb,s | w,xb,s	h,xb,s | w,xb,s	SP.YB.S	叔侄 | 舅侄	叔侄 | 舅侄	自己→第1代晚輩(女係男)→配偶→兄弟姐妹→子	內姪		True	自己→第1代晚輩(子係男)→配偶→兄弟姐妹→子	姪		True	
420	285 | 332 | 336	h,lb,w | w,lb,w | w,xb,w	h,lb,w | w,lb,w | w,xb,w	SP.YB.SP	小婶子 | 小舅妇 | 舅嫂	小婶子 | 小婶儿 | 小叔弟妇 | 叔弟妇 | 叔嫂 | 叔妇 | 叔姆 | 娣妇 | 娣姆 | 小叔妇 | 婶婶 | 小婶 | 小婶婶 | 小舅妇 | 小妗子 | 小妗儿 | 小舅姆 | 小舅弟妇 | 小舅嫂 | 舅弟媳 | 小舅妹 | 小舅媳妇 | 舅嫂 | 舅妇 | 舅姆 | 妻妗 | 妗仔 | 妗子 | 妗儿	自己→配偶→弟→配偶	弟妹 | 舅弟媳		True	自己→配偶→弟→配偶	弟妹 | 弟媳		True	
421	292 | 295 | 343 | 346	h,ls | h,xs | w,ls | w,xs	h,ls | h,xs | w,ls | w,xs	SP.YS	小姑子 | 姑子 | 小姨子 | 姨子	小姑子 | 小姑妹 | 小姑儿 | 小姑娘 | 姑妹 | 婆妹 | 婆婆妹 | 姑子 | 夫姑 | 小姨子 | 小姨妹 | 小茙儿 | 姨妹 | 姨仔 | 姨妹子 | 姨子 | 妻姨	自己→配偶→妹	小姨子 | 小姨妹		True	自己→配偶→妹	小姑子		True	
422	301 | 352	h,xs,d | w,xs,d	h,xs,d | w,xs,d	SP.YS.D	姑甥女 | 姨甥女	姑甥女 | 姨甥女	自己→第1代晚輩(女係女)→配偶→兄弟姐妹→子	姑甥女 | 外甥女		True	自己→第1代晚輩(子係女)→配偶→兄弟姐妹→子	姑甥女 | 外甥女		True	
423	299 | 350	h,xs,s | w,xs,s	h,xs,s | w,xs,s	SP.YS.S	姑甥 | 姨甥	姑甥 | 姨甥	自己→第1代晚輩(女係男)→配偶→兄弟姐妹→子	姑甥 | 外甥		True	自己→第1代晚輩(子係男)→配偶→兄弟姐妹→子	姑甥 | 外甥		True	
424	293 | 297 | 344 | 348	h,ls,h | h,xs,h | w,ls,h | w,xs,h	h,ls,h | h,xs,h | w,ls,h | w,xs,h	SP.YS.SP	小姑夫 | 姑夫 | 小姨夫 | 连襟	小姑夫 | 小姑妹夫 | 小亘子 | 婆妹夫 | 婆婆妹夫 | 姑夫 | 姑郎 | 小姨夫 | 小姨妹夫 | 姨妹夫 | 小茙夫 | 襟弟 | 小尹子 | 连襟 | 姨夫 | 连桥 | 两桥 | 两乔 | 姨夫爷 | 老襟 | 一担挑 | 老挑 | 挑担 | 担儿挑 | 连襟儿 | 襟兄弟 | 友婿 | 妻尹 | 娅	自己→配偶→妹→配偶	妹夫 | 連襟		True	自己→配偶→妹→配偶	妹夫		True	
425	357	lb	lb	YB	弟弟	弟弟 | 弟 | 胞弟 | 亲弟 | 弟亲 | 老弟 | 依弟 | 阿弟 | 弟子 | 细佬 | 小弟 | 几弟	弟弟	弟弟		True	弟弟	弟弟		True	
426	360 | 366	lb,d | xb,d	lb,d | xb,d	YB.D	侄女	侄女 | 弟女 | 侄囡 | 侄女儿 | 侄丫头 | 侄闺女	自己→第1代晚輩(子係女)→兄弟→子	姪女		True	自己→第1代晚輩(子係女)→兄弟→子	姪女		True	
427	368	xb,d,h	xb,d,h	YB.D.SP	侄女婿	侄女婿 | 侄婿 | 侄郎	自己→第1代晚輩(子係男)→兄弟→子	姪女婿		True	自己→第1代晚輩(子係男)→兄弟→子	姪女婿		True	
428	359 | 362	lb,s | xb,s	lb,s | xb,s	YB.S	侄子	侄子 | 弟子 | 侄男 | 侄儿子 | 侄小子 | 嫡侄 | 亲侄 | 侄儿 | 侄仔 | 阿侄 | 老侄 | 侄	自己→第1代晚輩(子係男)→兄弟→子	姪子		True	自己→第1代晚輩(子係男)→兄弟→子	姪子		True	
429	364	xb,s,w	xb,s,w	YB.S.SP	侄媳妇	侄媳妇 | 侄媳 | 侄嫂 | 侄妇	自己→第1代晚輩(子係女)→兄弟→子	姪媳婦		True	自己→第1代晚輩(子係女)→兄弟→子	姪媳婦		True	
430	358	lb,w	lb,w	YB.SP	弟妹	弟妹 | 弟媳 | 弟媳妇 | 弟媳妇子 | 弟新妇 | 老弟嫂	自己→弟→配偶	弟媳 | 弟妹		True	自己→弟→配偶	弟媳 | 弟妹		True	
431	371	ls	ls	YS	妹妹	妹妹 | 妹 | 胞妹 | 亲妹 | 妹亲 | 老妹 | 依妹 | 阿妹 | 妹子 | 小妹 | 妹儿 | 几妹	妹妹	妹妹		True	妹妹	妹妹		True	
432	382	xs,d	xs,d	YS.D	外甥女	外甥女 | 甥女 | 甥囡 | 甥女儿 | 甥闺女	自己→第1代晚輩(女係女)→姐妹→子	外甥女		True	自己→第1代晚輩(女係女)→姐妹→子	外甥女		True	
433	384	xs,d,h	xs,d,h	YS.D.SP	甥女婿	甥女婿 | 甥婿 | 甥郎 | 甥儿息婿儿	自己→第1代晚輩(女係男)→姐妹→子	外甥婿		True	自己→第1代晚輩(女係男)→姐妹→子	外甥婿		True	
434	374	xs,s	xs,s	YS.S	外甥	外甥 | 甥子 | 甥男 | 甥儿 | 甥儿子 | 甥仔 | 甥	自己→第1代晚輩(女係男)→姐妹→子	外甥		True	自己→第1代晚輩(女係男)→姐妹→子	外甥		True	
435	380	xs,s,d	xs,s,d	YS.S.D	甥孙女	甥孙女 | 远甥女 | 弥甥女	自己→第2代晚輩(女係女)→姐妹→第2代晚輩	外甥孫女		True	自己→第2代晚輩(女係女)→姐妹→第2代晚輩	外甥孫女		True	
436	378	xs,s,s	xs,s,s	YS.S.S	甥孙	甥孙 | 远甥 | 弥甥	自己→第2代晚輩(女係男)→姐妹→第2代晚輩	外甥孫		True	自己→第2代晚輩(女係男)→姐妹→第2代晚輩	外甥孫		True	
437	376	xs,s,w	xs,s,w	YS.S.SP	甥媳妇	甥媳妇 | 甥媳 | 甥嫂 | 甥妇 | 甥儿息妇儿	自己→第1代晚輩(女係女)→姐妹→子	外甥媳		True	自己→第1代晚輩(女係女)→姐妹→子	外甥媳		True	
438	372	ls,h	ls,h	YS.SP	妹夫	妹夫 | 妹丈 | 妹婿 | 妹郎 | 妹弟 | 妹夫子 | 胞妹夫	自己→妹→配偶	妹夫 | 連襟		True	自己→妹→配偶	妹夫 | 連襟		True	
